country,hs_code,hs_desc,period_value,ytd_value,prev_year_value,yoy_change_pct,share_of_total,period_value_teu,ytd_value_teu,prev_year_value_teu,yoy_change_pct_teu,share_of_total_teu,period_value_shipment,ytd_value_shipment,prev_year_value_shipment,yoy_change_pct_shipment,share_of_total_shipment,period_value_container,ytd_value_container,prev_year_value_container,yoy_change_pct_container,share_of_total_container,period_value_vrac,ytd_value_vrac,prev_year_value_vrac,yoy_change_pct_vrac,share_of_total_vrac,anomaly_score,is_anomaly
US VIRGIN ISLANDS,2710,"Petroleum oils and oils from bituminous minerals, not crude; preparations n.e.c, containing by weight 70% or more of petroleum oils or oils from bituminous minerals; these being the basic constituents",519881326.0,519881326.0,349457232.0,48.768226379129565,12.705812526810078,0.0,0.0,0.0,0.0,0.0,181,181,125.0,44.8,0.4168393901708811,0,0,0.0,0.0,0.0,181,181,125.0,44.8,1.4504367337126371,-0.8421030171805973,-1
TURKEY,2523,"Portland cement, aluminous cement (ciment fondu), slag cement, supersulphate cement and similar hydraulic cements, whether or not coloured or in the form of clinkers",449916098.0,449916098.0,461467639.37,-2.5032180773868085,10.995874073734113,5.0,5.0,0.0,500.0,0.004927273443967,29,29,31.0,-6.451612903225806,0.0667864216295886,5,5,0.0,500.0,0.00850947956023,28,28,31.0,-9.67741935483871,0.2243769532815129,-0.8341641007919711,-1
USA,1006,Rice,345013808.84,345013808.84,354315035.6,-2.6251290025695,8.432079697899612,22.5,22.5,5.0,350.0,0.0221727304978517,85,85,70.0,21.428571428571427,0.1957533047763806,6,6,3.0,100.0,0.0102113754722761,81,81,67.0,20.895522388059703,0.6490904719929481,-0.8223958380295531,-1
USA,2523,"Portland cement, aluminous cement (ciment fondu), slag cement, supersulphate cement and similar hydraulic cements, whether or not coloured or in the form of clinkers",36053844.0,36053844.0,67583.45999999999,53247.14144555488,0.8811499083059129,0.0,0.0,3.0,-100.0,0.0,5,5,1.0,400.0,0.0115149002809635,0,0,3.0,-100.0,0.0,5,5,0.0,500.0,0.0400673130859844,-0.808055375117868,-1
USA,1001,Wheat and meslin,220742705.3,220742705.3,93851546.21,135.20412205684,5.394914742913243,47.0,47.0,59.0,-20.338983050847457,0.0463163703732902,43,43,24.0,79.16666666666667,0.0990281424162866,47,47,53.0,-11.320754716981131,0.0799891078661629,35,35,11.0,218.1818181818182,0.2804711916018911,-0.7964792040355555,-1
DOMINICAN REPUBLIC,7308,"Structures of iron or steel and parts thereof; plates, rods, angles, shapes, sections, tubes and the like, prepared for use in structures",15704585.0,15704585.0,17560.0,89333.85535307517,0.3838174268666723,0.0,0.0,2.0,-100.0,0.0,4,4,1.0,300.0,0.0092119202247708,0,0,1.0,-100.0,0.0,4,4,0.0,400.0,0.0320538504687875,-0.7950400718070305,-1
EGYPT,2523,"Portland cement, aluminous cement (ciment fondu), slag cement, supersulphate cement and similar hydraulic cements, whether or not coloured or in the form of clinkers",236529279.0,236529279.0,237263794.0,-0.3095773643407219,5.780735959874727,0.0,0.0,0.0,0.0,0.0,25,25,43.0,-41.86046511627907,0.0575745014048178,0,0,0.0,0.0,0.0,25,25,43.0,-41.86046511627907,0.2003365654299222,-0.7936622772156235,-1
USA,9999,Commodities not specified according to kind,207398072.05,207398072.04999995,286765084.64000005,-27.67666527103048,5.068774141522347,13654.0,13654.0,9295.75,46.884328859962885,13.45539832078521,12434,12434,8614.0,44.346412816345484,28.6352540187002,6856,6856,4498.0,52.42329924410849,11.668198372987508,5971,5971,4765.0,25.309548793284364,47.84838528728263,-0.7872445927476703,-1
DOMINICAN REPUBLIC,2523,"Portland cement, aluminous cement (ciment fondu), slag cement, supersulphate cement and similar hydraulic cements, whether or not coloured or in the form of clinkers",117183967.0,117183967.0,14898470.0,686.5503437601311,2.863956525051063,0.0,0.0,0.0,0.0,0.0,15,15,3.0,400.0,0.0345447008428907,0,0,0.0,0.0,0.0,15,15,3.0,400.0,0.1202019392579533,-0.7741806250700055,-1
VIETNAM,2523,"Portland cement, aluminous cement (ciment fondu), slag cement, supersulphate cement and similar hydraulic cements, whether or not coloured or in the form of clinkers",149121202.92000002,149121202.92000002,56995993.7,161.63453470941073,3.6444972214176503,0.0,0.0,0.0,0.0,0.0,25,25,12.0,108.33333333333331,0.0575745014048178,0,0,0.0,0.0,0.0,25,25,12.0,108.33333333333331,0.2003365654299222,-0.7713459540828351,-1
USA,8204,"Tools, hand; hand-operated spanners and wrenches (including torque meter wrenches but not including tap wrenches), interchangeable spanner sockets, with or without handles",52031.4,52031.4,2.0,2601469.9999999995,0.0012716387006896,6.0,6.0,0.0,600.0,0.0059127281327604,5,5,1.0,400.0,0.0115149002809635,3,3,0.0,300.0,0.005105687736138,2,2,2.0,0.0,0.0160269252343937,-0.7684594038028357,-1
USA,2710,"Petroleum oils and oils from bituminous minerals, not crude; preparations n.e.c, containing by weight 70% or more of petroleum oils or oils from bituminous minerals; these being the basic constituents",136873463.38,136873463.38,196891603.1,-30.48283358712721,3.345164518568387,531.0,531.0,367.75,44.39157036029911,0.5232764397493004,213,213,181.0,17.679558011049725,0.4905347519690479,259,259,178.0,45.50561797752809,0.4407910412199189,11,11,45.0,-75.55555555555556,0.0881480887891658,-0.7638114229325909,-1
PAKISTAN,1006,Rice,104702181.5,104702181.5,142671279.15,-26.61299308186654,2.5589037781423265,643.0,643.0,852.25,-24.552654737459665,0.6336473648941622,73,73,85.0,-14.117647058823527,0.168117544102068,605,605,806.0,-24.937965260545905,1.0296470267878417,48,48,56.0,-14.285714285714286,0.3846462056254507,-0.7398008692946084,-1
CHINA,7214,"Iron or non-alloy steel; bars and rods, not further worked than forged, hot-rolled, hot drawn or hot-extruded, but including those twisted after rolling",19789137.25,19789137.25,169708.0,11560.697934098567,0.4836431996901807,50.0,50.0,12.0,316.6666666666667,0.0492727344396704,16,16,2.0,700.0,0.0368476808990834,47,47,6.0,683.3333333333334,0.0799891078661629,2,2,0.0,200.0,0.0160269252343937,-0.7364919555631146,-1
USA,2709,Petroleum oils and oils obtained from bituminous minerals; crude,6309374.78,6309374.78,19986.39,31468.356166371217,0.1542000627967614,2.0,2.0,2.0,0.0,0.0019709093775868,3,3,1.0,200.0,0.0069089401685781,1,1,1.0,0.0,0.001701895912046,2,2,0.0,200.0,0.0160269252343937,-0.7333880354588675,-1
PANAMA,2523,"Portland cement, aluminous cement (ciment fondu), slag cement, supersulphate cement and similar hydraulic cements, whether or not coloured or in the form of clinkers",64414600.0,64414600.0,10034370.0,541.9396534112257,1.5742820344915802,0.0,0.0,0.0,0.0,0.0,11,11,3.0,266.6666666666667,0.0253327806181198,0,0,0.0,0.0,0.0,11,11,3.0,266.6666666666667,0.0881480887891658,-0.7264571819551843,-1
INDONESIA,1511,"Palm oil and its fractions; whether or not refined, but not chemically modified",82273743.78000003,82273743.78,76120075.34,8.084159681284975,2.010756517050753,1004.0,1004.0,1152.0,-12.84722222222222,0.9893965075485828,178,178,183.0,-2.73224043715847,0.409930450002303,897,897,1096.0,-18.156934306569344,1.5266006331052793,76,76,59.0,28.8135593220339,0.6090231589069637,-0.7245617140564264,-1
USA,8447,"Knitting machines, stitch-bonding machines and machines for making gimped yarn, tulle, lace, embroidery, trimmings, braid or net and machines for tufting",671000.0,671000.0,1391.0,48138.67721063983,0.0163991276068445,0.0,0.0,0.0,0.0,0.0,1,1,2.0,-50.0,0.0023029800561927,0,0,0.0,0.0,0.0,1,1,2.0,-50.0,0.0080134626171968,-0.7110797748626965,-1
DOMINICAN REPUBLIC,2711,Petroleum gases and other gaseous hydrocarbons,58239986.0,58239986.0,54088967.0,7.674428317331333,1.4233755025854566,0.0,0.0,0.0,0.0,0.0,74,74,81.0,-8.641975308641975,0.1704205241582607,0,0,0.0,0.0,0.0,74,74,81.0,-8.641975308641975,0.5929962336725699,-0.6994944757876845,-1
USA,207,"Meat and edible offal of poultry; of the poultry of heading no. 0105, (i.e. fowls of the species Gallus domesticus), fresh, chilled or frozen",55873014.78,55873014.78,26551726.51,110.43081608631704,1.3655271224386478,4215.25,4215.25,2087.75,101.90396359717398,4.153937876936419,1168,1168,659.0,77.2382397572079,2.6898807056330893,2069,2069,973.0,112.64131551901336,3.521222642023214,1,1,0.0,100.0,0.0080134626171968,-0.699318142706918,-1
CHINA,9999,Commodities not specified according to kind,55689580.19,55689580.19,27334920.5,103.73053651280968,1.361044011784521,5640.5,5640.5,2961.25,90.4769945124525,5.558457172139225,2092,2092,1155.0,81.12554112554112,4.817834277555156,2927,2927,1521.0,92.43918474687706,4.9814493345586985,1,1,2.0,-50.0,0.0080134626171968,-0.6983724845001431,-1
USA,2106,Food preparations not elsewhere specified or included,52310479.51,52310479.51,63840636.40999999,-18.060842667592688,1.2784593571679856,3986.75,3986.75,4574.75,-12.85316137493852,3.928761480547125,1108,1108,1150.0,-3.652173913043478,2.5517019022615264,2550,2550,2544.0,0.2358490566037736,4.339834575717349,14,14,21.0,-33.333333333333336,0.1121884766407564,-0.6918522730769396,-1
GUATEMALA,1701,"Cane or beet sugar and chemically pure sucrose, in solid form",49233844.62,49233844.620000005,39645964.68999999,24.183747337136644,1.203266915795735,1420.5,1420.5,1041.25,36.42256902761105,1.399838385431038,118,118,87.0,35.632183908045974,0.2717516466307402,889,889,638.0,39.341692789968654,1.512985465808911,30,30,20.0,50.0,0.2404038785159067,-0.6891596782352026,-1
COLOMBIA,1701,"Cane or beet sugar and chemically pure sucrose, in solid form",47869824.84,47869824.84,59028574.95999999,-18.903980195289456,1.1699305008471803,2677.0,2677.0,3271.25,-18.16583874665648,2.6380622018999564,182,182,175.0,4.0,0.4191423702270738,1882,1882,2340.0,-19.57264957264957,3.202968106470608,0,0,0.0,0.0,0.0,-0.6862578411447317,-1
PERU,402,Milk and cream; concentrated or containing added sugar or other sweetening matter,37587960.05,37587960.05,37120158.0,1.2602372274385374,0.918643447601976,1741.0,1741.0,1736.0,0.2880184331797235,1.7156766131893255,300,300,253.0,18.57707509881423,0.690894016857814,1737,1737,1715.0,1.282798833819242,2.9561931992239354,0,0,0.0,0.0,0.0,-0.6689611046452754,-1
DOMINICAN REPUBLIC,3824,"Prepared binders for foundry moulds or cores; chemical products and preparations of the chemical or allied industries (including those consisting of mixtures of natural products), not elsewhere specif",36301084.0,36301084.0,26850717.0,35.19595770943472,0.8871924124929714,5.0,5.0,2.25,122.22222222222224,0.004927273443967,8,8,5.0,60.0,0.0184238404495417,3,3,1.0,200.0,0.005105687736138,5,5,4.0,25.0,0.0400673130859844,-0.6645227136414954,-1
NETHERLAND ANTILLES,2709,Petroleum oils and oils obtained from bituminous minerals; crude,28892263.0,28892263.0,6227460.0,363.9493950984832,0.7061220682377257,0.0,0.0,0.0,0.0,0.0,8,8,1.0,700.0,0.0184238404495417,0,0,0.0,0.0,0.0,8,8,1.0,700.0,0.0641077009375751,-0.6593869801696963,-1
PANAMA,8506,Cells and batteries; primary,129856.46,129856.46,629.0,20544.906200317964,0.0031736701313161,9.0,9.0,2.0,350.0,0.0088690921991406,5,5,1.0,400.0,0.0115149002809635,6,6,1.0,500.0,0.0102113754722761,0,0,0.0,0.0,0.0,-0.643245437353258,-1
USA,4407,"Wood sawn or chipped lengthwise, sliced or peeled, whether or not planed, sanded or end-jointed, of a thickness exceeding 6mm",26423101.860000003,26423101.860000003,12713166.92,107.84043839172688,0.6457761835630287,109.5,109.5,22.0,397.7272727272728,0.1079072884228783,47,47,26.0,80.76923076923077,0.1082400626410575,45,45,11.0,309.09090909090907,0.0765853160420708,30,30,20.0,50.0,0.2404038785159067,-0.6401961396395515,-1
EL SALVADOR,1701,"Cane or beet sugar and chemically pure sucrose, in solid form",22906015.93,22906015.93,22085164.88,3.716753098562336,0.5598191925491574,127.0,127.0,286.0,-55.59440559440559,0.1251527454767629,22,22,18.0,22.22222222222222,0.0506655612362396,87,87,284.0,-69.36619718309859,0.1480649443480036,6,6,3.0,100.0,0.0480807757031813,-0.6258403237416272,-1
EGYPT,8441,"Machines; for making up paper pulp, paper or paperboard, including cutting machines of all kinds",455469.6,455469.6,3995.0,11300.991239048812,0.0111316007323971,0.0,0.0,0.0,0.0,0.0,6,6,5.0,20.0,0.0138178803371562,0,0,0.0,0.0,0.0,6,6,5.0,20.0,0.0480807757031813,-0.6254903709205832,-1
HONDURAS,1701,"Cane or beet sugar and chemically pure sucrose, in solid form",22863430.0,22863430.0,27635032.19,-17.266497672930704,0.5587783995531422,1426.0,1426.0,1445.75,-1.36607297250562,1.4052583862194017,43,43,56.0,-23.214285714285715,0.0990281424162866,908,908,1101.0,-17.529518619436875,1.5453214881377857,0,0,0.0,0.0,0.0,-0.6247657533319293,-1
SPAIN,9406,Buildings; prefabricated,785563.02,785563.02,9235.0,8406.367298321602,0.0191990286262268,80.0,80.0,2.0,3900.0,0.0788363751034727,11,11,1.0,1000.0,0.0253327806181198,40,40,1.0,3900.0,0.0680758364818407,0,0,0.0,0.0,0.0,-0.6205700021557761,-1
TURKEY,7214,"Iron or non-alloy steel; bars and rods, not further worked than forged, hot-rolled, hot drawn or hot-extruded, but including those twisted after rolling",11029990.03,11029990.03,618880.03,1682.2501123521467,0.2695711087990959,30.0,30.0,34.0,-11.764705882352942,0.0295636406638022,10,10,3.0,233.33333333333331,0.0230298005619271,23,23,23.0,0.0,0.0391436059770584,6,6,0.0,600.0,0.0480807757031813,-0.6195170235435847,-1
BRAZIL,1701,"Cane or beet sugar and chemically pure sucrose, in solid form",19896916.6,19896916.6,33715493.72,-40.98583646664154,0.4862773089510344,476.0,476.0,1621.0,-70.63541024059222,0.4690764318656628,45,45,141.0,-68.08510638297872,0.1036341025286721,366,366,1161.0,-68.47545219638243,0.622893903808843,11,11,3.0,266.6666666666667,0.0881480887891658,-0.61651664680575,-1
INDIA,1006,Rice,21067970.49,21067970.49,14316164.8,47.16211209024362,0.514897669869964,940.0,940.0,611.0,53.84615384615385,0.9263274074658048,93,93,71.0,30.985915492957748,0.2141771452259223,810,810,549.0,47.540983606557376,1.3785356887572755,0,0,0.0,0.0,0.0,-0.6145377710408412,-1
BRAZIL,207,"Meat and edible offal of poultry; of the poultry of heading no. 0105, (i.e. fowls of the species Gallus domesticus), fresh, chilled or frozen",20100529.77,20100529.77,12019511.2,67.23250584433084,0.4912535807204294,1521.25,1521.25,958.0,58.79436325678497,1.499122945326974,721,721,420.0,71.66666666666667,1.6604486205149462,735,735,436.0,68.57798165137615,1.2508934953538242,0,0,0.0,0.0,0.0,-0.6137006651624473,-1
CHINA,6309,Textiles; worn clothing and other worn articles,17978331.9,17978331.9,12142658.4,48.05927423602724,0.4393874202478456,1504.0,1504.0,985.5,52.6128868594622,1.4821238519452875,550,550,334.0,64.67065868263474,1.2666390309059925,747,747,493.0,51.521298174442194,1.2713162462983765,0,0,0.0,0.0,0.0,-0.5992063734179178,-1
SOUTH KOREA,8447,"Knitting machines, stitch-bonding machines and machines for making gimped yarn, tulle, lace, embroidery, trimmings, braid or net and machines for tufting",80254.0,80254.0,830.0,9569.156626506025,0.0019613943173766,8.0,8.0,1.0,700.0,0.0078836375103472,3,3,1.0,200.0,0.0069089401685781,4,4,1.0,300.0,0.006807583648184,0,0,0.0,0.0,0.0,-0.5930694775786942,-1
USA,3210,"Paints and varnishes (including enamels, lacquers and distempers), excluding those of heading no. 3209, prepared water pigments of a kind used for finishing leather",24775.83,24775.83,249.0,9850.132530120482,0.0006055171352242,3.0,3.0,0.0,300.0,0.0029563640663802,2,2,3.0,-33.333333333333336,0.0046059601123854,2,2,0.0,200.0,0.003403791824092,0,0,3.0,-100.0,0.0,-0.5922745406282508,-1
NETHERLANDS,402,Milk and cream; concentrated or containing added sugar or other sweetening matter,15937232.069999998,15937232.069999997,14065653.76,13.306017209967202,0.3895032822888608,868.5,868.5,777.0,11.776061776061775,0.8558673972170759,99,99,100.0,-1.0,0.2279950255630786,796,796,701.0,13.552068473609127,1.3547091459886311,0,0,0.0,0.0,0.0,-0.5905361215550378,-1
COLOMBIA,3401,"Soap; organic surface-active preparations used as soap, skin washing, in bars, cakes, moulded pieces, shapes, liquid or cream, containing soap or not; for retail, paper, wadding, felt and nonwovens, i",953459.5,953459.5,20690.0,4508.310778153697,0.0233023904746024,14.25,14.25,1.0,1325.0,0.014042729315306,4,4,1.0,300.0,0.0092119202247708,9,9,1.0,800.0,0.0153170632084141,0,0,0.0,0.0,0.0,-0.5736146438602306,-1
FRANCE,8517,"Telephone sets, including telephones for cellular networks or for other wireless networks; other apparatus for the transmission or reception of voice, images or other data (including wired/wireless ne",19624.0,19624.0,253.0,7656.521739130435,0.0004796072729608,2.0,2.0,0.0,200.0,0.0019709093775868,1,1,3.0,-66.66666666666667,0.0023029800561927,1,1,0.0,100.0,0.001701895912046,0,0,3.0,-100.0,0.0,-0.5653945112310279,-1
PERU,6901,"Bricks, blocks, tiles and other ceramic goods of siliceous fossil meals (e.g. kieselguhr, tripolite or diatomite) or of similar siliceous earths",12257850.16,12257850.16,3801270.04,222.46722887385292,0.2995798047085248,458.0,458.0,141.0,224.82269503546095,0.4513382474673814,78,78,27.0,188.88888888888889,0.1796324443830316,458,458,141.0,224.82269503546095,0.7794683277170769,0,0,0.0,0.0,0.0,-0.565282278238648,-1
CHINA,8711,"Motorcycles (including mopeds) and cycles; fitted with an auxiliary motor, with or without side-cars; side-cars",12769939.33,12769939.33,4287812.46,197.81944637569345,0.3120951782478886,1486.0,1486.0,511.25,190.6601466992665,1.4643856675470062,452,452,141.0,220.5673758865248,1.0409469853991065,706,706,235.0,200.4255319148936,1.2015385139044896,21,21,17.0,23.529411764705884,0.1682827149611347,-0.5641901969141074,-1
INDIA,6901,"Bricks, blocks, tiles and other ceramic goods of siliceous fossil meals (e.g. kieselguhr, tripolite or diatomite) or of similar siliceous earths",13460891.51,13460891.51,6063391.69,122.0026710825934,0.3289819337919236,486.0,486.0,232.0,109.48275862068964,0.4789309787535969,81,81,37.0,118.91891891891892,0.1865413845516098,484,484,220.0,120.0,0.8237176214302733,0,0,0.0,0.0,0.0,-0.5637180352905252,-1
USA,4418,"Builders' joinery and carpentry of wood, including cellular wood panels, assembled flooring panels, shingles and shakes",29043.98,29043.98,427.15,6699.480276249561,0.0007098300063049,4.0,4.0,0.0,400.0,0.0039418187551736,1,1,2.0,-50.0,0.0023029800561927,2,2,0.0,200.0,0.003403791824092,0,0,2.0,-100.0,0.0,-0.5578283919455898,-1
DOMINICAN REPUBLIC,2710,"Petroleum oils and oils from bituminous minerals, not crude; preparations n.e.c, containing by weight 70% or more of petroleum oils or oils from bituminous minerals; these being the basic constituents",10682074.160000002,10682074.160000002,65988806.5,-83.81229374106046,0.2610681032125441,155.0,155.0,166.0,-6.626506024096385,0.1527454767629784,39,39,45.0,-13.333333333333334,0.0898162221915158,79,79,83.0,-4.819277108433735,0.1344497770516355,4,4,11.0,-63.63636363636363,0.0320538504687875,-0.5570693113942425,-1
BRAZIL,6901,"Bricks, blocks, tiles and other ceramic goods of siliceous fossil meals (e.g. kieselguhr, tripolite or diatomite) or of similar siliceous earths",12615321.04,12615321.04,9028814.21,39.72289989119181,0.3083163331390032,496.0,496.0,375.0,32.266666666666666,0.488785525641531,77,77,66.0,16.666666666666668,0.1773294643268389,474,474,340.0,39.41176470588236,0.8066986623098131,0,0,0.0,0.0,0.0,-0.5556010519800557,-1
USA,9401,"Seats (not those of heading no. 9402), whether or not convertible into beds and parts thereof",8702.08,8702.08,120.66,7112.066965025692,0.000212677377593,2.0,2.0,0.0,200.0,0.0019709093775868,1,1,1.0,0.0,0.0023029800561927,1,1,0.0,100.0,0.001701895912046,0,0,1.0,-100.0,0.0,-0.5550275684954252,-1
CHINA,7326,"Iron or steel; articles, n.e.c. in chapter 73",11248647.849999998,11248647.849999998,3684107.93,205.328944312443,0.2749150692944975,526.0,526.0,201.0,161.6915422885572,0.5183491663053332,82,82,36.0,127.77777777777776,0.1888443646078025,414,414,134.0,208.955223880597,0.704584907587052,0,0,0.0,0.0,0.0,-0.5540590035645143,-1
CHINA,7312,"Stranded wire, ropes, cables, plaited bands, slings and the like, of iron or steel, not electrically insulated",6546887.069999999,6546887.069999999,674972.0,869.9494304948944,0.1600048233808208,235.0,235.0,31.0,658.0645161290323,0.2315818518664512,35,35,11.0,218.1818181818182,0.0806043019667449,234,234,25.0,836.0,0.3982436434187685,0,0,0.0,0.0,0.0,-0.5531986253720907,-1
CHINA,703,"Onions, shallots, garlic, leeks and other alliaceous vegetables; fresh or chilled",12638927.98,12638927.98,10654657.0,18.62350876241253,0.3088932827984177,887.0,887.0,797.75,11.187715449702289,0.874098308959754,223,223,184.0,21.195652173913043,0.5135645525309751,436,436,368.0,18.47826086956522,0.7420266176520643,0,0,0.0,0.0,0.0,-0.5522177867047884,-1
INDONESIA,1516,"Animal or vegetable fats and oils and their fractions; partly or wholly hydrogenated, inter-esterified, re-esterified or elaidinised, whether or not refined, but not further prepared",11751612.45,11751612.45,14601366.0,-19.51703388573371,0.2872074398714357,24.0,24.0,10.75,123.25581395348836,0.0236509125310418,20,20,23.0,-13.043478260869565,0.0460596011238542,12,12,7.0,71.42857142857143,0.0204227509445522,17,17,19.0,-10.526315789473683,0.1362288644923471,-0.5471867441518096,-1
USA,3901,"Polymers of ethylene, in primary forms",11320812.73,11320812.73,10992382.85,2.987795134882869,0.2766787668740096,906.0,906.0,898.5,0.8347245409015025,0.8928219480468288,180,180,167.0,7.7844311377245505,0.4145364101146884,457,457,443.0,3.160270880361174,0.7777664318050308,0,0,0.0,0.0,0.0,-0.545102152254724,-1
CHINA,1604,Prepared or preserved fish; caviar and caviar substitutes prepared from fish eggs,11039341.0,11039341.0,10161931.3,8.634280965863242,0.2697996449395993,568.0,568.0,553.5,2.6196928635953025,0.5597382632346565,166,166,167.0,-0.5988023952095808,0.3822946893279904,494,494,447.0,10.51454138702461,0.8407365805507335,0,0,0.0,0.0,0.0,-0.542402902475956,-1
INDIA,2203,Beer made from malt,10809261.84,10809261.84,8336749.27,29.657993660639388,0.2641765488076834,825.0,825.0,651.5,26.630851880276285,0.8130001182545626,154,154,69.0,123.18840579710144,0.3546589286536779,398,398,303.0,31.353135313531357,0.6773545729943157,0,0,0.0,0.0,0.0,-0.5423668966942438,-1
SPAIN,402,Milk and cream; concentrated or containing added sugar or other sweetening matter,216985.0,216985.0,4462.32,4762.605102278636,0.0053030770548005,10.0,10.0,1.0,900.0,0.009854546887934,2,2,1.0,100.0,0.0046059601123854,10,10,1.0,900.0,0.0170189591204601,0,0,0.0,0.0,0.0,-0.541020519938015,-1
USA,8702,Vehicles; public transport passenger type,8559486.719999999,8559486.719999999,147541021.06,-94.19857158469904,0.2091924217144135,110.0,110.0,38.0,189.47368421052636,0.108400015767275,804,804,470.0,71.06382978723404,1.851595965178941,53,53,19.0,178.94736842105263,0.090200483338439,751,751,451.0,66.51884700665188,6.018110425514865,-0.5389357251149978,-1
MALAYSIA,1511,"Palm oil and its fractions; whether or not refined, but not chemically modified",10009193.72,10009193.72,14659678.2,-31.72296428716969,0.2446230179670749,128.0,128.0,17.0,652.9411764705883,0.1261382001655563,34,34,22.0,54.54545454545455,0.0783013219105522,128,128,17.0,652.9411764705883,0.2178426767418904,9,9,17.0,-47.05882352941177,0.072121163554772,-0.532830844150679,-1
TAIWAN,2106,Food preparations not elsewhere specified or included,9753563.52,9753563.52,9716848.5,0.3778490526017726,0.2383754586973832,528.0,528.0,609.0,-13.300492610837438,0.52032007568292,16,16,17.0,-5.882352941176471,0.0368476808990834,528,528,484.0,9.090909090909092,0.8986010415602982,0,0,0.0,0.0,0.0,-0.530406623150822,-1
BRAZIL,1601,"Sausages and similar products of meat, meat offal or blood; food preparations based on these products",9816810.16,9816810.16,7572649.119999999,29.635085482476452,0.2399211959851092,741.5,741.5,669.75,10.712952594251586,0.730714651740313,347,347,270.0,28.51851851851852,0.7991340794988715,348,348,270.0,28.88888888888889,0.5922597773920147,0,0,0.0,0.0,0.0,-0.5284632956356444,-1
CHINA,8516,"Electric water, space, soil heaters; electro-thermic hair-dressing apparatus; hand dryers, irons; electro-thermic appliances for domestic purposes; electro heating resistors, not of heading no. 8545",121790.89,121790.88999999998,2767.76,4300.341431337978,0.0029765489515069,34.0,34.0,1.0,3300.0,0.0335054594189759,6,6,1.0,500.0,0.0138178803371562,18,18,1.0,1700.0,0.0306341264168283,0,0,0.0,0.0,0.0,-0.5283720764784874,-1
USA,2203,Beer made from malt,71359.66,71359.66,1662.2,4193.085067982192,0.0017440181375872,8.0,8.0,0.0,800.0,0.0078836375103472,3,3,3.0,0.0,0.0069089401685781,4,4,0.0,400.0,0.006807583648184,0,0,3.0,-100.0,0.0,-0.5264635797892888,-1
CHINA,4011,"New pneumatic tyres, of rubber",8590413.64,8590413.64,4516736.46,90.19072102338244,0.2099482704589242,1208.0,1208.0,620.75,94.6033024567056,1.1904292640624383,267,267,161.0,65.83850931677019,0.6148956750034544,605,605,309.0,95.79288025889969,1.0296470267878417,0,0,0.0,0.0,0.0,-0.5248657518787626,-1
CHINA,6405,Footwear; other footwear n.e.c. in chapter 64,8874703.0,8874703.0,5113570.59,73.55197985054119,0.2168962547985787,1038.0,1038.0,608.25,70.65351418002466,1.0229019669675588,504,504,286.0,76.22377622377623,1.1607019483211276,513,513,303.0,69.3069306930693,0.8730726028796079,0,0,0.0,0.0,0.0,-0.5242040286746162,-1
CHINA,4412,"Plywood, veneered panels and similar laminated wood",7976760.05,7976760.05,2174582.01,266.81808335202777,0.1949506795068999,574.0,574.0,160.75,257.07620528771383,0.5656509913674169,74,74,22.0,236.3636363636364,0.1704205241582607,287,287,77.0,272.72727272727275,0.4884441267572075,0,0,0.0,0.0,0.0,-0.5236720437065318,-1
USA,2402,"Cigars, cheroots, cigarillos and cigarettes; of tobacco or of tobacco substitutes",477716.95,477716.95,15827.6,2918.2526093659176,0.0116753222399442,59.0,59.0,2.0,2850.0,0.0581418266388111,17,17,1.0,1600.0,0.0391506609552761,32,32,1.0,3100.0,0.0544606691854726,0,0,0.0,0.0,0.0,-0.5189997068826177,-1
INDONESIA,1515,"Fixed vegetable fats and oils (including jojoba oil) and their fractions, whether or not refined; but not chemically modified",8473241.0,8473241.0,7003679.77,20.982701640569164,0.2070845907638559,347.0,347.0,333.75,3.970037453183521,0.341952777011313,81,81,58.0,39.6551724137931,0.1865413845516098,337,337,276.0,22.10144927536232,0.5735389223595085,0,0,0.0,0.0,0.0,-0.5188744165134719,-1
BELGIUM,1107,Malt; whether or not roasted,8266332.37,8266332.37,5075748.08,62.8593901768269,0.2020277785040535,670.0,670.0,401.75,66.77037958929682,0.6602546414915842,38,38,22.0,72.72727272727273,0.0875132421353231,318,318,199.0,59.79899497487437,0.5412029000306341,0,0,0.0,0.0,0.0,-0.5153589466158693,-1
NICARAGUA,1701,"Cane or beet sugar and chemically pure sucrose, in solid form",6865058.8,6865058.800000001,43594611.0,-84.25250588885861,0.1677808871679452,32.0,32.0,135.0,-76.29629629629629,0.031534550041389,15,15,51.0,-70.58823529411765,0.0345447008428907,32,32,100.0,-68.0,0.0544606691854726,6,6,42.0,-85.71428571428571,0.0480807757031813,-0.5150110406396307,-1
DOMINICAN REPUBLIC,2501,Salt (including table salt and denatured salt); pure sodium chloride whether or not in aqueous solution; sea water,8306673.6,8306673.6,5541448.8,49.90075519600578,0.2030137114080581,312.0,312.0,319.0,-2.19435736677116,0.3074618629035437,94,94,62.0,51.61290322580645,0.216480125282115,312,312,221.0,41.1764705882353,0.530991524558358,0,0,0.0,0.0,0.0,-0.5140017161428464,-1
BRAZIL,203,"Meat of swine; fresh, chilled or frozen",7819873.369999999,7819873.370000001,10008527.72,-21.867895171298997,0.1911163953263721,664.75,664.75,798.0,-16.69799498746867,0.6550810043754188,310,310,383.0,-19.06005221932115,0.7139238174197411,311,311,383.0,-18.798955613577025,0.529289628646312,0,0,0.0,0.0,0.0,-0.5124369027585012,-1
INDIA,3204,Synthetic organic colouring matter and preparations based thereon; synthetic organic products used as fluorescent brightening agents or as luminophores; whether or not chemically defined,7581402.1,7581402.1,13249047.91,-42.77775919069795,0.1852881974317428,321.0,321.0,586.0,-45.22184300341297,0.3163309551026844,39,39,61.0,-36.0655737704918,0.0898162221915158,321,321,562.0,-42.88256227758007,0.5463085877667722,0,0,0.0,0.0,0.0,-0.5100505945238327,-1
FRANCE,6309,Textiles; worn clothing and other worn articles,7717403.0,7717403.0,9012961.0,-14.374388172765864,0.1886120366474592,682.0,682.0,730.0,-6.575342465753424,0.6720800977571051,282,282,327.0,-13.761467889908255,0.6494403758463452,282,282,327.0,-13.761467889908255,0.4799346471969774,0,0,0.0,0.0,0.0,-0.5079746137057751,-1
US VIRGIN ISLANDS,2709,Petroleum oils and oils obtained from bituminous minerals; crude,6035530.0,6035530.0,53079826.0,-88.62933348726501,0.1475073422428295,0.0,0.0,0.0,0.0,0.0,2,2,13.0,-84.61538461538461,0.0046059601123854,0,0,0.0,0.0,0.0,2,2,13.0,-84.61538461538461,0.0160269252343937,-0.506211273601675,-1
CHINA,8714,Vehicles; parts and accessories of heading no. 8711 to 8713,7169825.95,7169825.95,4322664.11,65.86590508879488,0.1752293452651499,586.0,586.0,351.0,66.95156695156695,0.5774764476329378,203,203,118.0,72.03389830508475,0.4675049514071208,301,301,182.0,65.38461538461539,0.5122706695258518,0,0,0.0,0.0,0.0,-0.5026459336511203,-1
TURKEY,7228,"Alloy steel bars, rods, shapes and sections; hollow drill bars and rods, of alloy or non-alloy steel",1413313.0,1413313.0,80310.0,1659.8219399825675,0.0345411329886919,15.0,15.0,3.0,400.0,0.0147818203319011,3,3,1.0,200.0,0.0069089401685781,15,15,3.0,400.0,0.0255284386806902,1,1,0.0,100.0,0.0080134626171968,-0.49789831784651417,-1
USA,8703,"Motor cars and other motor vehicles; principally designed for the transport of persons (other than those of heading no. 8702), including station wagons and racing cars",6037672.369999999,6037672.369999999,2758173.21,118.9011316660566,0.1475597014067804,193.5,193.5,7.0,2664.285714285714,0.1906854822815246,2508,2508,1072.0,133.955223880597,5.775873980931325,97,97,4.0,2325.0,0.1650839034684638,2430,2430,1068.0,127.52808988764043,19.472714159788445,-0.496575646921161,-1
CHINA,7225,"Alloy steel flat-rolled products, of a width 600mm or more",5358241.09,5358241.09,1501468.97,256.8665884583682,0.1309545147289835,197.0,197.0,61.0,222.9508196721312,0.1941345736923016,39,39,25.0,56.0,0.0898162221915158,192,192,55.0,249.0909090909091,0.3267640151128357,0,0,0.0,0.0,0.0,-0.496524932828425,-1
BRAZIL,4412,"Plywood, veneered panels and similar laminated wood",5338586.24,5338586.24,1904073.82,180.37706227167183,0.1304741534871901,401.75,401.75,155.0,159.19354838709677,0.3959064212227521,48,48,24.0,100.0,0.1105430426972502,196,196,70.0,180.0,0.3335715987610197,0,0,0.0,0.0,0.0,-0.4929311825130171,-1
CHINA,9619,"Sanitary towels (pads) and tampons, napkins and napkin liners for babies and similar articles, of any material",6696187.65,6696187.65,4883315.0200000005,37.12381082472128,0.1636537045480278,1134.0,1134.0,859.5,31.93717277486911,1.117505617091726,175,175,137.0,27.73722627737226,0.4030215098337248,566,566,428.0,32.242990654205606,0.9632730862180467,0,0,0.0,0.0,0.0,-0.4926858326502744,-1
USA,810,"Fruit, fresh; n.e.c. in chapter 08",13341.9,13341.9,403.0,3210.6451612903224,0.0003260738012187,2.0,2.0,0.0,200.0,0.0019709093775868,3,3,1.0,200.0,0.0069089401685781,1,1,0.0,100.0,0.001701895912046,2,2,1.0,100.0,0.0160269252343937,-0.4877342039117456,-1
USA,8472,Office machines; not elsewhere classified,3331.0,3331.0,97.0,3334.020618556701,8.140908205424631e-05,0.0,0.0,0.0,0.0,0.0,2,2,1.0,100.0,0.0046059601123854,0,0,0.0,0.0,0.0,2,2,1.0,100.0,0.0160269252343937,-0.4877011504492536,-1
PANAMA,207,"Meat and edible offal of poultry; of the poultry of heading no. 0105, (i.e. fowls of the species Gallus domesticus), fresh, chilled or frozen",539248.0,539248.0,24250.07,2123.696673865272,0.0131791307954332,38.0,38.0,2.25,1588.888888888889,0.0374472781741495,17,17,1.0,1600.0,0.0391506609552761,19,19,1.0,1800.0,0.0323360223288743,0,0,0.0,0.0,0.0,-0.48570235105434273,-1
CHINA,3401,"Soap; organic surface-active preparations used as soap, skin washing, in bars, cakes, moulded pieces, shapes, liquid or cream, containing soap or not; for retail, paper, wadding, felt and nonwovens, i",6212972.35,6212972.35,8240994.199999999,-24.60894645454307,0.1518440035550625,618.0,618.0,841.75,-26.58152658152658,0.609010997674327,33,33,51.0,-35.294117647058826,0.0759983418543595,309,309,420.0,-26.428571428571427,0.5258858368222199,0,0,0.0,0.0,0.0,-0.4848291419703791,-1
JAMAICA,4011,"New pneumatic tyres, of rubber",154145.0,154145.0,5400.0,2754.537037037037,0.0037672779805619,0.0,0.0,0.0,0.0,0.0,4,4,1.0,300.0,0.0092119202247708,0,0,0.0,0.0,0.0,4,4,1.0,300.0,0.0320538504687875,-0.4834179046787666,-1
CHINA,7317,"Nails, tacks, drawing pins, corrugated nails, staples (not those of heading no. 8305) and the like, of iron or steel, with heads of other material or not, but excluding articles with heads of copper",5117308.26,5117308.26,2432308.8000000003,110.38892183426708,0.1250661567202679,187.0,187.0,97.0,92.78350515463916,0.1842800268043675,53,53,31.0,70.96774193548387,0.1220579429782138,184,184,87.0,111.4942528735632,0.3131488478164675,0,0,0.0,0.0,0.0,-0.4823602798298259,-1
CHINA,7010,"Carboys, bottles, flasks, jars, pots, phials, ampoules, containers of glass of a kind used for the conveyance or packing of goods; preserving jars of glass; stoppers, lids and other closures of glass",4255333.45,4255333.45,1127978.51,277.2530604328624,0.1039996367454905,360.0,360.0,104.0,246.15384615384616,0.3547636879656273,47,47,23.0,104.34782608695652,0.1082400626410575,183,183,53.0,245.2830188679245,0.3114469519044215,0,0,0.0,0.0,0.0,-0.4775096390755981,-1
DOMINICAN REPUBLIC,9999,Commodities not specified according to kind,3656544.11,3656544.11,809855.51,351.5057395855712,0.0893653255736899,406.75,406.75,143.0,184.44055944055944,0.4008336946667192,183,183,53.0,245.2830188679245,0.4214453502832666,228,228,78.0,192.30769230769232,0.3880322679464923,2,2,0.0,200.0,0.0160269252343937,-0.47593612871780216,-1
DOMINICAN REPUBLIC,5603,"Nonwovens; whether or not impregnated, coated, covered or laminated",5459176.21,5459176.21,5754967.080000001,-5.139749122596214,0.1334213521550523,833.25,833.25,837.0,-0.4480286738351254,0.8211301194371082,355,355,363.0,-2.203856749311295,0.8175579199484132,359,359,378.0,-5.026455026455026,0.6109806324245209,0,0,0.0,0.0,0.0,-0.4744147746431298,-1
PANAMA,9999,Commodities not specified according to kind,4868052.899999999,4868052.899999999,2557024.04,90.37962975115396,0.1189743974723841,601.5,601.5,341.25,76.26373626373626,0.5927509953092357,250,250,170.0,47.05882352941177,0.5757450140481783,294,294,170.0,72.94117647058823,0.5003573981415297,10,10,8.0,25.0,0.0801346261719689,-0.47236583414909217,-1
USA,8609,Containers; (including containers for transport of fluids) specially designed and equipped for carriage by one or more modes of transport,234341.13,234341.13,10949.8,2040.140733164076,0.0057272579648318,105.0,105.0,10.0,950.0,0.1034727423233079,5,5,3.0,66.66666666666667,0.0115149002809635,55,55,5.0,1000.0,0.093604275162531,0,0,0.0,0.0,0.0,-0.4685984116275182,-1
USA,1515,"Fixed vegetable fats and oils (including jojoba oil) and their fractions, whether or not refined; but not chemically modified",2906606.610000001,2906606.6100000003,540329.15,437.9325934941694,0.0710369786889536,71.0,71.0,38.0,86.84210526315789,0.069967282904332,17,17,8.0,112.5,0.0391506609552761,43,43,33.0,30.303030303030305,0.0731815242179788,2,2,0.0,200.0,0.0160269252343937,-0.4684965738520278,-1
PERU,703,"Onions, shallots, garlic, leeks and other alliaceous vegetables; fresh or chilled",5321630.0,5321630.0,3750767.0,41.88111391616701,0.1300597458217768,436.25,436.25,286.0,52.53496503496503,0.4299046079861248,185,185,137.0,35.03649635036496,0.4260513103956519,189,189,137.0,37.956204379562045,0.3216583273766976,0,0,0.0,0.0,0.0,-0.4683111473094008,-1
INDIA,1905,"Bread, pastry, cakes, biscuits, other bakers' wares, whether or not containing cocoa; communion wafers, empty cachets suitable for pharmaceutical use, sealing wafers, rice paper and similar products",5031848.379999999,5031848.38,3660506.520000001,37.463172173232415,0.1229775315676812,551.0,551.0,397.0,38.79093198992443,0.5429855335251685,152,152,123.0,23.577235772357724,0.3500529685412924,276,276,190.0,45.26315789473684,0.4697232717247013,0,0,0.0,0.0,0.0,-0.46348107150913886,-1
CHINA,7308,"Structures of iron or steel and parts thereof; plates, rods, angles, shapes, sections, tubes and the like, prepared for use in structures",2918614.68,2918614.68,633472.23,360.73285327756207,0.0713304539083902,179.0,179.0,55.0,225.45454545454547,0.1763963892940202,41,41,15.0,173.33333333333334,0.0944221823039012,113,113,28.0,303.57142857142856,0.1923142380612001,0,0,0.0,0.0,0.0,-0.4624016004006587,-1
CANADA,4911,"Printed matter, n.e.c., including printed pictures and photographs",9059.0,9059.0,324.0,2695.9876543209875,0.0002214004426086,4.0,4.0,0.0,400.0,0.0039418187551736,4,4,1.0,300.0,0.0092119202247708,4,4,0.0,400.0,0.006807583648184,0,0,1.0,-100.0,0.0,-0.46239576267322824,-1
NETHERLANDS,203,"Meat of swine; fresh, chilled or frozen",4275573.88,4275573.88,1705797.87,150.64950280422147,0.1044943094643987,316.5,316.5,134.75,134.87940630797775,0.311896409003114,99,99,50.0,98.0,0.2279950255630786,152,152,61.0,149.18032786885246,0.2586881786309949,0,0,0.0,0.0,0.0,-0.4619930078997694,-1
PANAMA,8711,"Motorcycles (including mopeds) and cycles; fitted with an auxiliary motor, with or without side-cars; side-cars",127010.0,127010.0,5067.94,2406.146481607912,0.0031041031257009,14.0,14.0,2.0,600.0,0.0137963656431077,14,14,1.0,1300.0,0.0322417207866979,7,7,1.0,600.0,0.0119132713843221,7,7,0.0,700.0,0.0560942383203782,-0.4615445330251978,-1
BELGIUM,3004,"Medicaments; (not goods of heading no. 3002, 3005 or 3006) consisting of mixed or unmixed products for therapeutic or prophylactic use, put up in measured doses (incl. those in the form of transdermal",106041.34,106041.34,4522.87,2244.5586541289053,0.0025916325875719,14.5,14.5,2.25,544.4444444444445,0.0142890929875044,7,7,1.0,600.0,0.0161208603933489,7,7,1.0,600.0,0.0119132713843221,0,0,0.0,0.0,0.0,-0.45865837079409527,-1
INDIA,2208,"Ethyl alcohol, undenatured; of an alcoholic strength by volume of less than 80% volume; spirits, liqueurs and other spirituous beverages",2593780.2500000005,2593780.2500000005,558533.47,364.3911939601401,0.0633915548492745,205.0,205.0,41.0,400.0,0.2020182112026489,70,70,15.0,366.6666666666667,0.1612086039334899,98,98,21.0,366.6666666666667,0.1667857993805098,0,0,0.0,0.0,0.0,-0.45430650530166783,-1
CHINA,7217,Wire of iron or non-alloy steel,3578790.0,3578790.0,1200010.01,198.2300122646477,0.0874650281491792,130.0,130.0,50.0,160.0,0.1281091095431432,28,28,11.0,154.54545454545453,0.0644834415733959,128,128,44.0,190.9090909090909,0.2178426767418904,0,0,0.0,0.0,0.0,-0.4540132839738457,-1
CHINA,3808,"Insecticides, rodenticides, fungicides, herbicides, anti-sprouting products, plant growth regulators, disinfectants and the like, put up in forms or packings for retail sale or as preparations or arti",4550161.44,4550161.44,4123310.14,10.352151196659666,0.1112051834371142,345.0,345.0,315.75,9.263657957244655,0.3399818676337262,81,81,53.0,52.83018867924528,0.1865413845516098,174,174,158.0,10.126582278481012,0.2961298886960073,0,0,0.0,0.0,0.0,-0.4531355111244153,-1
INDONESIA,3401,"Soap; organic surface-active preparations used as soap, skin washing, in bars, cakes, moulded pieces, shapes, liquid or cream, containing soap or not; for retail, paper, wadding, felt and nonwovens, i",4592385.630000001,4592385.630000001,3579528.26,28.2958338761656,0.1122371355681211,327.0,327.0,256.75,27.36124634858812,0.3222436832354448,60,60,57.0,5.2631578947368425,0.1381788033715628,174,174,136.0,27.94117647058824,0.2961298886960073,0,0,0.0,0.0,0.0,-0.45103457347238113,-1
CHINA,8541,"Diodes, transistors, similar semiconductor devices; including photovoltaic cells assembled or not in modules or panels, light-emitting diodes (LED), mounted piezo-electric crystals",4372928.45,4372928.45,2547504.27,71.65539235779183,0.1068736388482131,407.0,407.0,267.5,52.149532710280376,0.4010800583389176,144,144,104.0,38.46153846153846,0.3316291280917507,203,203,131.0,54.96183206106871,0.3454848701453419,0,0,1.0,-100.0,0.0,-0.450573447320926,-1
USA,6309,Textiles; worn clothing and other worn articles,4503585.49,4503585.49,4445722.970000001,1.301532290483668,0.1100668750206313,286.25,286.25,390.0,-26.602564102564106,0.2820864046671134,158,158,203.0,-22.167487684729064,0.3638708488784487,139,139,190.0,-26.84210526315789,0.2365635317743966,26,26,13.0,100.0,0.2083500280471191,-0.4490780089699547,-1
CHINA,7228,"Alloy steel bars, rods, shapes and sections; hollow drill bars and rods, of alloy or non-alloy steel",1501756.26,1501756.26,164445.01,813.2270173476227,0.0367026714487595,58.0,58.0,9.0,544.4444444444445,0.0571563719500177,14,14,3.0,366.6666666666667,0.0322417207866979,55,55,6.0,816.6666666666666,0.093604275162531,0,0,0.0,0.0,0.0,-0.44878831296766775,-1
