HS_Code,Description,Period_kg,Prior_kg,YTD_kg,Period_teu,Prior_teu,YTD_teu,Period_shipment,Prior_shipment,YTD_shipment,Period_container,Prior_container,YTD_container,Period_vrac,Prior_vrac,YTD_vrac,YoY_Pct_kg,YoY_Pct_teu,YoY_Pct_shipment,YoY_Pct_container,YoY_Pct_vrac,Share_kg,Share_teu,Share_shipment,Share_container,Share_vrac
2710,"Petroleum oils and oils from bituminous minerals, not crude; preparations n.e.c,",82949607.27,668409424.65,82949607.27,110.0,778.0,110.0,58,458.0,58,59,383.0,59,18,196.0,18,-87.59000034844885,-85.8611825192802,-87.33624454148472,-84.59530026109661,-90.81632653061224,20.592733863514713,0.9648699618437788,1.183431952662722,0.8450300773417359,1.1680726800778716
2523,"Portland cement, aluminous cement (ciment fondu), slag cement, supersulphate cem",78539461.0,803629344.0,78539461.0,1.0,5.0,1.0,5,69.0,5,1,5.0,1,4,68.0,4,-90.22690478061986,-80.0,-92.7536231884058,-80.0,-94.11764705882354,19.497888795211086,0.008771545107670716,0.10201999591920016,0.014322543683758236,0.25957170668397145
1006,Rice,42330216.36,475376374.83,42330216.36,469.0,1817.5,469.0,38,278.0,38,461,1598.0,461,5,129.0,5,-91.09543119909193,-74.19532324621733,-86.33093525179856,-71.15143929912391,-96.12403100775194,10.50872823362647,4.1138546554975655,0.7753519689859213,6.602692638212546,0.3244646333549643
1001,Wheat and meslin,27253035.97,220742705.3,27253035.97,18.0,47.0,18.0,11,43.0,11,13,47.0,13,9,35.0,9,-87.65393586485142,-61.702127659574465,-74.4186046511628,-72.34042553191489,-74.28571428571429,6.765728436498281,0.1578878119380729,0.22444399102224036,0.18619306788885706,0.5840363400389358
1701,"Cane or beet sugar and chemically pure sucrose, in solid form",26394539.0,127876944.86,26394539.0,888.25,4785.5,888.25,81,375.0,81,630,3329.0,630,11,47.0,11,-79.35942321041779,-81.43872113676731,-78.4,-81.07539801742264,-76.59574468085107,6.552601452445186,7.791324941888513,1.6527239338910427,9.023202520767688,0.7138221933809215
9999,Commodities not specified according to kind,16638012.709999999,282000274.34000003,16638012.709999999,2105.5,21930.0,2105.5,1617,15633.0,1617,1081,11100.0,1081,624,5989.0,624,-94.10000123264419,-90.39899680802553,-89.65649587411245,-90.26126126126127,-89.58089831357489,4.1304857133268165,18.468488224200694,32.993266680269336,15.482669722142653,40.493186242699544
6901,"Bricks, blocks, tiles and other ceramic goods of siliceous fossil meals (e.g. ki",11000671.76,47582522.74,11000671.76,417.0,1809.0,417.0,65,312.0,65,410,1768.0,410,0,0.0,0,-76.88085640160408,-76.9485903814262,-79.16666666666667,-76.80995475113122,0.0,2.730982259339659,3.6577343098986885,1.3262599469496021,5.872242910340876,0.0
0207,"Meat and edible offal of poultry; of the poultry of heading no. 0105, (i.e. fowl",9346533.35,81012931.44,9346533.35,687.5,6150.5,687.5,202,2025.0,202,343,2989.0,343,0,1.0,0,-88.46291180449106,-88.82204698804975,-90.0246913580247,-88.52459016393442,-100.0,2.320332550780196,6.030437261523617,4.121607835135687,4.912632483529075,0.0
2711,Petroleum gases and other gaseous hydrocarbons,7999299.91,61155825.01,7999299.91,22.0,212.0,22.0,13,110.0,13,11,106.0,11,9,74.0,9,-86.91980705240753,-89.62264150943396,-88.18181818181819,-89.62264150943396,-87.83783783783784,1.985873828249497,0.19297399236875576,0.26525198938992045,0.15754798052134059,0.5840363400389358
2709,Petroleum oils and oils obtained from bituminous minerals; crude,6284558.35,35201637.78,6284558.35,2.0,2.0,2.0,3,11.0,3,1,1.0,1,2,10.0,2,-82.1469717139962,0.0,-72.72727272727273,0.0,-80.0,1.560179026888347,0.017543090215341433,0.0612119975515201,0.014322543683758236,0.12978585334198572
0402,Milk and cream; concentrated or containing added sugar or other sweetening matte,5504366.59,60100951.37,5504366.59,294.0,3052.25,294.0,48,506.0,48,259,2802.0,259,0,0.0,0,-90.84146512737641,-90.3677614874273,-90.51383399209486,-90.75660242683797,0.0,1.3664917774250482,2.5788342616551905,0.9793919608243216,3.709538814093383,0.0
1511,"Palm oil and its fractions; whether or not refined, but not chemically modified",5485778.72,83212512.98000003,5485778.72,220.0,1113.25,220.0,28,395.0,28,218,954.0,218,4,244.0,4,-93.40750744864718,-80.23804176959354,-92.9113924050633,-77.14884696016772,-98.36065573770492,1.3618772280305746,1.9297399236875576,0.5713119771475209,3.1223145230592952,0.25957170668397145
2106,Food preparations not elsewhere specified or included,5014302.05,63825892.42,5014302.05,342.75,4642.0,342.75,75,1178.0,75,277,3161.0,277,1,14.0,1,-92.1437807449618,-92.61632916846187,-93.63327674023769,-91.23695033217336,-92.85714285714286,1.2448303376629868,3.006447085654138,1.5302999387880025,3.9673446004010313,0.06489292667099286
7217,Wire of iron or non-alloy steel,4761493.0,3578790.0,4761493.0,6.0,130.0,6.0,3,28.0,3,6,128.0,6,1,0.0,1,33.04756635622655,-95.38461538461539,-89.28571428571429,-95.3125,100.0,1.1820689858461852,0.052629270646024295,0.0612119975515201,0.08593526210254941,0.06489292667099286
6309,Textiles; worn clothing and other worn articles,4235023.3,35641968.57,4235023.3,345.25,2954.75,345.25,145,1153.0,145,172,1384.0,172,0,26.0,0,-88.11787488201581,-88.31542431677806,-87.42411101474414,-87.57225433526011,-100.0,1.051369748367994,3.0283759484233146,2.9585798816568047,2.4634775136064166,0.0
0203,"Meat of swine; fresh, chilled or frozen",3648676.88,16610262.559999999,3648676.88,280.0,1334.0,280.0,119,556.0,119,139,628.0,139,0,0.0,0,-78.03359900651685,-79.01049475262369,-78.59712230215827,-77.86624203821655,0.0,0.9058057586605763,2.4560326301478006,2.428075902876964,1.9908335720423946,0.0
8711,"Motorcycles (including mopeds) and cycles; fitted with an auxiliary motor, with ",3545182.82,14116062.35,3545182.82,506.0,1769.5,506.0,137,556.0,137,230,847.0,230,3,43.0,3,-74.8854692470241,-71.40435151172647,-75.35971223021583,-72.84533648170012,-93.02325581395348,0.8801127420909197,4.4384018244813825,2.7953478881860843,3.2941850472643943,0.1946787800129786
3204,Synthetic organic colouring matter and preparations based thereon; synthetic org,3265423.0,7581402.1,3265423.0,135.0,321.0,135.0,12,39.0,12,135,321.0,135,0,0.0,0,-56.92850798666911,-57.94392523364486,-69.23076923076923,-57.94392523364486,0.0,0.8106607011642794,1.1841585895355466,0.2448479902060804,1.9335433973073617,0.0
8702,Vehicles; public transport passenger type,2128695.5100000002,8713226.209999999,2128695.5100000002,24.0,142.0,24.0,211,812.0,211,8,69.0,8,205,752.0,205,-75.56937627124913,-83.09859154929578,-74.01477832512315,-88.40579710144928,-72.73936170212765,0.5284613340145683,0.21051708258409718,4.305243827790247,0.11458034947006589,13.303049967553537
0703,"Onions, shallots, garlic, leeks and other alliaceous vegetables; fresh or chille",2087626.0,23506408.380000003,2087626.0,150.5,1717.25,150.5,60,538.0,60,73,816.0,73,0,0.0,0,-91.1189069540023,-91.23598777114573,-88.84758364312268,-91.05392156862744,0.0,0.5182655836407044,1.3201175387044428,1.224239951030402,1.0455456889143513,0.0
2815,Sodium hydroxide (caustic soda); potassium hydroxide (caustic potash) peroxides ,2000817.0,1823368.0,2000817.0,0.0,0.0,0.0,2,2.0,2,0,0.0,0,2,2.0,2,9.731935626818064,0.0,0.0,0.0,0.0,0.49671473255422344,0.0,0.040807998367680065,0.0,0.12978585334198572
1107,Malt; whether or not roasted,1890382.68,8266332.37,1890382.68,150.0,670.0,150.0,8,38.0,8,75,318.0,75,0,0.0,0,-77.13154280052255,-77.61194029850746,-78.94736842105263,-76.41509433962264,0.0,0.4692987551192019,1.3157317661506074,0.16323199347072026,1.0741907762818677,0.0
2203,Beer made from malt,1875591.7899999998,13071708.34,1875591.7899999998,138.0,1012.75,138.0,19,172.0,19,70,492.0,70,0,0.0,0,-85.65151745116124,-86.37373488027647,-88.95348837209302,-85.77235772357723,0.0,0.46562682861588395,1.2104732248585588,0.38767598449296065,1.0025780578630765,0.0
7214,"Iron or non-alloy steel; bars and rods, not further worked than forged, hot-roll",1858207.0,23881457.25,1858207.0,10.0,50.0,10.0,4,19.0,4,6,47.0,6,2,5.0,2,-92.21903847597072,-80.0,-78.94736842105263,-87.23404255319149,-60.0,0.4613109509942118,0.08771545107670717,0.08161599673536013,0.08593526210254941,0.12978585334198572
7326,"Iron or steel; articles, n.e.c. in chapter 73",1768748.95,11248647.849999998,1768748.95,102.0,526.0,102.0,11,82.0,11,57,414.0,57,1,0.0,1,-84.27589721372601,-80.6083650190114,-86.58536585365853,-86.23188405797102,100.0,0.43910245747352883,0.894697600982413,0.22444399102224036,0.8163849899742194,0.06489292667099286
4820,"Registers, account books, diaries and similar; albums for samples or collections",1488665.9,2538151.84,1488665.9,106.0,184.0,106.0,7,18.0,7,53,93.0,53,0,0.0,0,-41.34843012386525,-42.391304347826086,-61.111111111111114,-43.01075268817204,0.0,0.3695701727749676,0.9297837814130959,0.14282799428688023,0.7590948152391864,0.0
1601,"Sausages and similar products of meat, meat offal or blood; food preparations ba",1434134.45,9861892.16,1434134.45,102.0,745.5,102.0,51,349.0,51,51,350.0,51,0,0.0,0,-85.45781654542044,-86.31790744466801,-85.38681948424069,-85.42857142857143,0.0,0.35603241564748217,0.894697600982413,1.0406039583758417,0.7304497278716701,0.0
8714,Vehicles; parts and accessories of heading no. 8711 to 8713,1415240.25,7169825.95,1415240.25,116.0,586.0,116.0,43,203.0,43,58,301.0,58,0,0.0,0,-80.26116310396628,-80.20477815699658,-78.81773399014779,-80.73089700996678,0.0,0.35134181800670544,1.0174992324898031,0.8773719649051214,0.8307075336579777,0.0
4011,"New pneumatic tyres, of rubber",1149788.17,10930124.040000001,1149788.17,162.5,1594.0,162.5,54,396.0,54,81,791.0,81,0,4.0,0,-89.48055698368817,-89.80552070263488,-86.36363636363636,-89.75979772439949,-100.0,0.28544175871934313,1.4253760799964914,1.1018159559273617,1.160126038384417,0.0
8703,Motor cars and other motor vehicles; principally designed for the transport of p,1130986.38,6996349.819999999,1130986.38,93.0,431.25,93.0,453,2607.0,453,58,232.0,58,417,2461.0,417,-83.83462220875629,-78.43478260869566,-82.62370540851553,-75.0,-83.0556684274685,0.2807741024112496,0.8157536950133766,9.243011630279534,0.8307075336579777,27.060350421804024
1905,"Bread, pastry, cakes, biscuits, other bakers' wares, whether or not containing c",1130201.67,9485371.819999998,1130201.67,137.0,1059.25,137.0,29,264.0,29,68,534.0,68,0,0.0,0,-88.08479317998943,-87.06632050979466,-89.01515151515152,-87.26591760299625,0.0,0.28057929348180605,1.2017016797508882,0.591715976331361,0.97393297049556,0.0
7228,"Alloy steel bars, rods, shapes and sections; hollow drill bars and rods, of allo",1040742.0,1501756.26,1040742.0,0.0,58.0,0.0,1,14.0,1,0,55.0,0,1,0.0,1,-30.698341154242964,-100.0,-92.85714285714286,-100.0,100.0,0.258370397786478,0.0,0.020403999183840033,0.0,0.06489292667099286
1515,"Fixed vegetable fats and oils (including jojoba oil) and their fractions, whethe",1035837.04,11952104.4,1035837.04,49.0,623.0,49.0,13,116.0,13,41,466.0,41,0,0.0,0,-91.33343380099659,-92.13483146067416,-88.79310344827586,-91.20171673819742,0.0,0.2571527122637195,0.4298057102758651,0.26525198938992045,0.5872242910340877,0.0
8455,Metal-rolling mills and rolls therefor,1013082.0,1318497.98,1013082.0,0.0,48.0,0.0,2,11.0,2,0,48.0,0,2,0.0,2,-23.163932340647197,-100.0,-81.81818181818181,-100.0,200.0,0.2515036381065824,0.0,0.040807998367680065,0.0,0.12978585334198572
3901,"Polymers of ethylene, in primary forms",975343.0,12315520.85,975343.0,77.0,1006.0,77.0,17,196.0,17,39,497.0,39,0,0.0,0,-92.0803755530973,-92.34592445328032,-91.3265306122449,-92.15291750503017,0.0,0.24213470666914264,0.6754089732906452,0.3468679861252806,0.5585792036665712,0.0
4412,"Plywood, veneered panels and similar laminated wood",960140.0,13582546.29,960140.0,56.0,995.75,56.0,11,124.0,11,28,493.0,28,1,0.0,1,-92.9310750760563,-94.37609841827768,-91.12903225806451,-94.32048681541582,100.0,0.2383604714047372,0.4912065260295601,0.22444399102224036,0.4010312231452306,0.06489292667099286
4407,"Wood sawn or chipped lengthwise, sliced or peeled, whether or not planed, sanded",958110.0,26447178.860000003,958110.0,32.25,111.5,32.25,10,48.0,10,16,46.0,16,3,30.0,3,-96.37726955653069,-71.0762331838565,-79.16666666666667,-65.21739130434783,-90.0,0.23785651181868558,0.2828823297223806,0.20403999183840033,0.22916069894013177,0.1946787800129786
2205,"Vermouth and other wine of fresh grapes, flavoured with plants or aromatic subst",927025.87,4695823.58,927025.87,67.0,352.75,67.0,29,153.0,29,41,212.0,41,0,0.0,0,-80.2585030249369,-81.00637845499645,-81.04575163398692,-80.66037735849056,0.0,0.2301396914799786,0.587693522213938,0.591715976331361,0.5872242910340877,0.0
3304,"Cosmetic and toilet preparations; beauty, make-up and skin care preparations (ex",905000.26,4826348.81,905000.26,82.0,427.0,82.0,22,158.0,22,41,220.0,41,0,2.0,0,-81.24875976380166,-80.79625292740047,-86.07594936708861,-81.36363636363636,-100.0,0.22467170266316344,0.7192666988289987,0.4488879820444807,0.5872242910340877,0.0
6405,Footwear; other footwear n.e.c. in chapter 64,827851.0,8874703.0,827851.0,104.0,1038.0,104.0,52,504.0,52,52,513.0,52,0,0.0,0,-90.67178924184843,-89.98073217726397,-89.68253968253968,-89.8635477582846,0.0,0.20551893954306988,0.9122406911977545,1.0610079575596818,0.7447722715554282,0.0
1604,Prepared or preserved fish; caviar and caviar substitutes prepared from fish egg,774498.89,11039341.0,774498.89,38.0,568.0,38.0,14,166.0,14,36,494.0,36,0,0.0,0,-92.98419271585142,-93.30985915492958,-91.56626506024097,-92.71255060728745,0.0,0.1922739605920446,0.3333187140914872,0.28565598857376046,0.5156115726152964,0.0
7010,"Carboys, bottles, flasks, jars, pots, phials, ampoules, containers of glass of a",763011.21,7513532.64,763011.21,84.25,775.5,84.25,8,86.0,8,41,375.0,41,0,0.0,0,-89.8448406820257,-89.13604126370083,-90.69767441860465,-89.06666666666666,0.0,0.18942207563761423,0.7390026753212579,0.16323199347072026,0.5872242910340877,0.0
3401,"Soap; organic surface-active preparations used as soap, skin washing, in bars, c",755923.22,12162205.5,755923.22,61.5,1059.75,61.5,17,129.0,17,33,540.0,33,0,0.0,0,-93.78465344957377,-94.19674451521585,-86.82170542635659,-93.88888888888889,0.0,0.1876624399202063,0.539450024121749,0.3468679861252806,0.4726439415640218,0.0
7308,"Structures of iron or steel and parts thereof; plates, rods, angles, shapes, sec",726828.05,2918614.68,726828.05,52.0,179.0,52.0,9,41.0,9,27,113.0,27,0,0.0,0,-75.09681373904417,-70.94972067039106,-78.04878048780488,-76.10619469026548,0.0,0.18043939074321028,0.45612034559887726,0.1836359926545603,0.38670867946147236,0.0
3923,"Plastic articles for the conveyance or packing of goods; stoppers, lids, caps an",671352.79,7504861.08,671352.79,97.0,1227.0,97.0,25,284.0,25,49,587.0,49,0,1.0,0,-91.0544274858183,-92.09453952730236,-91.19718309859155,-91.65247018739353,-100.0,0.16666732716404437,0.8508398754440595,0.5100999795960008,0.7018046405041536,0.0
8506,Cells and batteries; primary,660469.8,7370377.14,660469.8,37.25,437.75,37.25,26,253.0,26,31,350.0,31,0,9.0,0,-91.03886019053837,-91.49057681324958,-89.72332015810277,-91.14285714285714,-100.0,0.16396556010226895,0.3267400552607342,0.5305039787798409,0.4439988541965053,0.0
3203,"Colouring matter of vegetable or animal origin (including dyeing extracts, not a",626274.0,109728.0,626274.0,27.0,8.0,27.0,4,8.0,4,27,8.0,27,0,0.0,0,470.751312335958,237.5,-50.0,237.5,0.0,0.15547624916004998,0.23683171790710933,0.08161599673536013,0.38670867946147236,0.0
5603,"Nonwovens; whether or not impregnated, coated, covered or laminated",595432.21,12867462.36,595432.21,62.25,1677.25,62.25,25,726.0,25,32,776.0,32,0,0.0,0,-95.37257469001058,-96.28856759576688,-96.5564738292011,-95.87628865979381,0.0,0.14781959116916749,0.5460286829525021,0.5100999795960008,0.45832139788026355,0.0
9619,"Sanitary towels (pads) and tampons, napkins and napkin liners for babies and sim",591559.13,6744728.24,591559.13,102.0,1148.0,102.0,21,178.0,21,51,572.0,51,0,0.0,0,-91.22931111602503,-91.11498257839722,-88.20224719101124,-91.08391608391608,0.0,0.14685807599993358,0.894697600982413,0.4284839828606407,0.7304497278716701,0.0
3306,Oral or dental hygiene preparations; including fixative pastes and powders; yarn,578067.08,2599226.9899999998,578067.08,50.0,204.0,50.0,13,54.0,13,25,102.0,25,0,0.0,0,-77.7600385720833,-75.49019607843137,-75.92592592592592,-75.49019607843137,0.0,0.1435085942595454,0.4385772553835358,0.26525198938992045,0.3580635920939559,0.0
7220,Stainless steel; flat-rolled products of width less than 600mm,558490.0,330594.0,558490.0,3.0,16.0,3.0,2,4.0,2,3,12.0,3,1,0.0,1,68.93531038070866,-81.25,-50.0,-75.0,100.0,0.13864846759309235,0.026314635323012148,0.040807998367680065,0.042967631051274706,0.06489292667099286
8541,"Diodes, transistors, similar semiconductor devices; including photovoltaic cells",556997.02,4372928.45,556997.02,52.0,407.0,52.0,12,144.0,12,26,203.0,26,0,0.0,0,-87.26260842433861,-87.22358722358722,-91.66666666666667,-87.19211822660098,0.0,0.13827782641930744,0.45612034559887726,0.2448479902060804,0.3723861357777141,0.0
0302,"Fish; fresh or chilled, excluding fish fillets and other fish meat of heading 03",555821.78,5101777.65,555821.78,40.5,372.5,40.5,13,108.0,13,20,182.0,20,0,0.0,0,-89.10533115844434,-89.12751677852349,-87.96296296296296,-89.01098901098901,0.0,0.13798606609225753,0.355247576860664,0.26525198938992045,0.2864508736751647,0.0
3808,"Insecticides, rodenticides, fungicides, herbicides, anti-sprouting products, pla",522440.68,6201988.56,522440.68,40.0,483.0,40.0,8,114.0,8,20,243.0,20,0,0.0,0,-91.57623921834517,-91.7184265010352,-92.98245614035088,-91.76954732510288,0.0,0.12969900927553427,0.3508618043068287,0.16323199347072026,0.2864508736751647,0.0
2836,Carbonates; peroxocarbonates (percarbonates); commercial ammonium carbonate cont,515796.0,1791716.0,515796.0,26.0,99.0,26.0,4,21.0,4,19,65.0,19,0,0.0,0,-71.21217871582327,-73.73737373737374,-80.95238095238095,-70.76923076923077,0.0,0.12804942790496993,0.22806017279943863,0.08161599673536013,0.27212832999140646,0.0
1704,"Sugar confectionery (including white chocolate), not containing cocoa",512461.72000000003,6025195.890000001,512461.72000000003,38.0,478.5,38.0,15,189.0,15,20,241.0,20,0,0.0,0,-91.4946878183574,-92.05851619644723,-92.06349206349206,-91.70124481327801,0.0,0.12722167304360035,0.3333187140914872,0.3060599877576005,0.2864508736751647,0.0
1517,Margarine; edible mixtures or preparations of animal or vegetable fats or oils o,491596.54000000004,668587.31,491596.54000000004,29.25,53.25,29.25,8,25.0,8,23,25.0,23,0,0.0,0,-26.472349587371017,-45.070422535211264,-68.0,-8.0,0.0,0.12204176788316053,0.25656769439936844,0.16323199347072026,0.3294185047264394,0.0
0713,"Vegetables, leguminous; shelled, whether or not skinned or split, dried",488890.12,3579301.62,488890.12,26.0,173.0,26.0,3,38.0,3,26,161.0,26,0,0.0,0,-86.34118685979864,-84.97109826589596,-92.10526315789474,-83.85093167701864,0.0,0.1213698830048936,0.22806017279943863,0.0612119975515201,0.3723861357777141,0.0
1103,Cereal groats; meal and pellets,453600.0,2627537.16,453600.0,20.0,116.0,20.0,4,14.0,4,20,116.0,20,0,0.0,0,-82.73668563454302,-82.75862068965517,-71.42857142857143,-82.75862068965517,0.0,0.11260890060739975,0.17543090215341434,0.08161599673536013,0.2864508736751647,0.0
2501,Salt (including table salt and denatured salt); pure sodium chloride whether or ,447940.8,8306673.6,447940.8,17.0,312.0,17.0,2,94.0,2,17,312.0,17,0,0.0,0,-94.60745875460907,-94.55128205128206,-97.87234042553192,-94.55128205128206,0.0,0.11120397051410744,0.1491162668304022,0.040807998367680065,0.24348324262389,0.0
8708,"Motor vehicles; parts and accessories, of heading no. 8701 to 8705",439096.91000000003,2861352.01,439096.91000000003,41.0,263.25,41.0,26,205.0,26,24,148.0,24,6,112.0,6,-84.65421561326878,-84.42545109211775,-87.3170731707317,-83.78378378378379,-94.64285714285714,0.10900842216756251,0.35963334941449937,0.5305039787798409,0.34374104841019765,0.3893575600259572
7321,"Stoves, ranges, grates, cookers (those with subsidiary boilers for central heati",383821.13999999996,2113001.87,383821.13999999996,94.0,542.0,94.0,25,149.0,25,47,271.0,47,0,0.0,0,-81.8352673772125,-82.65682656826569,-83.22147651006712,-82.65682656826569,0.0,0.09528588316860419,0.8245252401210473,0.5100999795960008,0.6731595531366371,0.0
4818,"Toilet paper, width 36cm or less or cut to size/shape; handkerchiefs, tissues, t",374109.58,1963924.4000000001,374109.58,52.0,335.0,52.0,7,58.0,7,26,166.0,26,0,0.0,0,-80.95091745894088,-84.4776119402985,-87.93103448275862,-84.33734939759036,0.0,0.09287493057869503,0.45612034559887726,0.14282799428688023,0.3723861357777141,0.0
2918,"Acids; carboxylic acid with additional oxygen function and their anhydrides, hal",370915.99,2778551.0,370915.99,17.0,173.0,17.0,6,52.0,6,14,102.0,14,0,0.0,0,-86.65074025994123,-90.17341040462428,-88.46153846153847,-86.27450980392157,0.0,0.09208210284745433,0.1491162668304022,0.1224239951030402,0.2005156115726153,0.0
8418,"Refrigerators, freezers and other refrigerating or freezing equipment, electric ",361314.54,2870892.2800000003,361314.54,140.0,1067.0,140.0,38,219.0,38,71,541.0,71,0,0.0,0,-87.41455600695683,-86.87910028116214,-82.64840182648402,-86.87615526802219,0.0,0.08969848572060926,1.2280163150739003,0.7753519689859213,1.0169006015468347,0.0
8704,Vehicles; for the transport of goods,361069.87,1607815.3800000001,361069.87,60.0,88.0,60.0,93,403.0,93,30,46.0,30,88,381.0,88,-77.54282770948491,-31.818181818181817,-76.92307692307692,-34.78260869565217,-76.9028871391076,0.08963774493641259,0.526292706460243,1.897571924097123,0.4296763105127471,5.710577547047372
1703,Molasses; resulting from the extraction or refining of sugar,336535.99,659151.2,336535.99,14.0,27.0,14.0,2,6.0,2,14,27.0,14,0,0.0,0,-48.944037422673276,-48.148148148148145,-66.66666666666667,-48.148148148148145,0.0,0.08354706315856014,0.12280163150739003,0.040807998367680065,0.2005156115726153,0.0
2202,"Waters, including mineral and aerated waters, containing added sugar or sweeteni",332690.04,554734.21,332690.04,22.0,45.75,22.0,8,22.0,8,17,27.0,17,0,0.0,0,-40.02712758601998,-51.91256830601093,-63.63636363636363,-37.03703703703704,0.0,0.08259228317335063,0.19297399236875576,0.16323199347072026,0.24348324262389,0.0
4421,Wooden articles n.e.c. in heading no. 4414 to 4420,329143.0,724342.37,329143.0,24.0,67.75,24.0,3,11.0,3,12,31.0,12,0,0.0,0,-54.5597477612693,-64.57564575645756,-72.72727272727273,-61.29032258064516,0.0,0.08171170937526759,0.21051708258409718,0.0612119975515201,0.17187052420509882,0.0
8502,Electric generating sets and rotary converters,304726.27999999997,2259409.06,304726.27999999997,37.0,277.0,37.0,20,140.0,20,20,147.0,20,4,30.0,4,-86.51300973361592,-86.64259927797833,-85.71428571428571,-86.39455782312925,-86.66666666666667,0.07565011326495297,0.3245471689838165,0.40807998367680065,0.2864508736751647,0.25957170668397145
7016,"Glass; paving blocks, slabs, bricks, tiles etc, of pressed, moulded glass, wheth",299143.25,1580206.0,299143.25,12.0,63.0,12.0,9,56.0,9,12,61.0,12,0,0.0,0,-81.06935108460543,-80.95238095238095,-83.92857142857143,-80.32786885245902,0.0,0.0742640928276555,0.10525854129204859,0.1836359926545603,0.17187052420509882,0.0
3926,Articles of plastics and articles of other materials of heading no. 3901 to 3914,295935.68,2899551.42,295935.68,28.0,258.0,28.0,12,127.0,12,15,136.0,15,0,5.0,0,-89.79374264726782,-89.14728682170542,-90.55118110236221,-88.97058823529412,-100.0,0.07346779447818179,0.24560326301478005,0.2448479902060804,0.21483815525637354,0.0
4819,"Cartons, boxes, cases, bags and the like, of paper, paperboard, cellulose waddin",282970.27,3858628.2399999998,282970.27,77.0,909.0,77.0,27,304.0,27,41,435.0,41,0,0.0,0,-92.66655784388288,-91.52915291529153,-91.11842105263158,-90.57471264367815,0.0,0.07024905425326074,0.6754089732906452,0.5509079779636809,0.5872242910340877,0.0
3006,Pharmaceutical goods,279042.72,2615331.65,279042.72,69.0,476.75,69.0,54,530.0,54,38,262.0,38,22,339.0,22,-89.33050345641631,-85.52700576822234,-89.81132075471699,-85.49618320610686,-93.51032448377582,0.06927401658222768,0.6052366124292794,1.1018159559273617,0.5442566599828129,1.427644386761843
3004,"Medicaments; (not goods of heading no. 3002, 3005 or 3006) consisting of mixed o",276918.38,1017002.79,276918.38,26.25,126.0,26.25,16,171.0,16,13,67.0,13,5,111.0,5,-72.77112877930256,-79.16666666666667,-90.64327485380117,-80.59701492537313,-95.49549549549549,0.06874663652950211,0.2302530590763563,0.3264639869414405,0.18619306788885706,0.3244646333549643
1007,Grain sorghum,269745.0,451182.02,269745.0,12.0,21.0,12.0,1,4.0,1,12,21.0,12,0,0.0,0,-40.21370798419671,-42.857142857142854,-75.0,-42.857142857142854,0.0,0.066965802236206,0.10525854129204859,0.020403999183840033,0.17187052420509882,0.0
4411,"Fibreboard of wood or other ligneous materials, whether or not bonded with resin",268128.0,2600842.6,268128.0,20.0,197.5,20.0,1,12.0,1,10,97.0,10,0,0.0,0,-89.69072561330701,-89.87341772151899,-91.66666666666667,-89.69072164948453,0.0,0.06656437235904074,0.17543090215341434,0.020403999183840033,0.14322543683758235,0.0
7312,"Stranded wire, ropes, cables, plaited bands, slings and the like, of iron or ste",258643.35,6961791.4799999995,258643.35,15.0,281.0,15.0,7,58.0,7,11,258.0,11,0,0.0,0,-96.284816189295,-94.66192170818505,-87.93103448275862,-95.73643410852713,0.0,0.06420975152759019,0.13157317661506074,0.14282799428688023,0.15754798052134059,0.0
7313,"Barbed wire of iron or steel; twisted hoop or single flat wire, barbed or not an",256916.0,1012619.72,256916.0,15.0,76.0,15.0,4,15.0,4,10,41.0,10,0,0.0,0,-74.6285802137055,-80.26315789473684,-73.33333333333333,-75.60975609756098,0.0,0.06378092660593192,0.13157317661506074,0.08161599673536013,0.14322543683758235,0.0
2009,"Fruit juices (including grape must) and vegetable juices, unfermented, not conta",237241.4,288599.07,237241.4,17.0,20.0,17.0,8,11.0,8,10,12.0,10,0,0.0,0,-17.795507795641896,-15.0,-27.272727272727273,-16.666666666666668,0.0,0.05889659001887206,0.1491162668304022,0.16323199347072026,0.14322543683758235,0.0
7225,"Alloy steel flat-rolled products, of a width 600mm or more",230155.0,5371194.09,230155.0,13.0,201.0,13.0,4,41.0,4,10,194.0,10,0,0.0,0,-95.71501241356185,-93.53233830845771,-90.2439024390244,-94.84536082474227,0.0,0.05713734902843053,0.11403008639971932,0.08161599673536013,0.14322543683758235,0.0
2827,Chlorides; chloride oxides and chloride hydroxides; bromides and bromide oxides;,225892.8,72160.0,225892.8,16.0,5.0,16.0,1,3.0,1,8,3.0,8,0,0.0,0,213.04434589800442,220.0,-66.66666666666667,166.66666666666666,0.0,0.056079232502485074,0.14034472172273146,0.020403999183840033,0.11458034947006589,0.0
2839,Silicates; commercial alkali metal silicates,224480.0,336720.0,224480.0,8.0,12.0,8.0,1,3.0,1,8,12.0,8,0,0.0,0,-33.333333333333336,-33.333333333333336,-66.66666666666667,-33.333333333333336,0.0,0.05572849649106944,0.07017236086136573,0.020403999183840033,0.11458034947006589,0.0
7317,"Nails, tacks, drawing pins, corrugated nails, staples (not those of heading no. ",223043.0,5117308.26,223043.0,8.0,187.0,8.0,5,53.0,5,8,184.0,8,0,0.0,0,-95.64139995740652,-95.72192513368984,-90.56603773584905,-95.65217391304348,0.0,0.055371752685573775,0.07017236086136573,0.10201999591920016,0.11458034947006589,0.0
6305,"Sacks and bags, of a kind used for the packing of goods",218420.0,1813591.8,218420.0,17.0,132.25,17.0,10,67.0,10,10,67.0,10,0,1.0,0,-87.95649605385292,-87.14555765595463,-85.07462686567165,-85.07462686567165,-100.0,0.054224065411526134,0.1491162668304022,0.20403999183840033,0.14322543683758235,0.0
4418,"Builders' joinery and carpentry of wood, including cellular wood panels, assembl",213708.0,1384358.4500000002,213708.0,20.0,137.75,20.0,2,20.0,2,10,68.0,10,0,0.0,0,-84.56266872210735,-85.48094373865699,-90.0,-85.29411764705883,0.0,0.05305428335759741,0.17543090215341434,0.040807998367680065,0.14322543683758235,0.0
7311,"Containers for compressed or liquefied gas, of iron or steel",208167.6,2361918.55,208167.6,22.0,258.0,22.0,6,74.0,6,11,126.0,11,0,0.0,0,-91.18650386991541,-91.47286821705427,-91.89189189189189,-91.26984126984127,0.0,0.05167884607160703,0.19297399236875576,0.1224239951030402,0.15754798052134059,0.0
1901,"Malt extract; flour/groats/meal/starch/malt extract products, no cocoa (or less ",204369.03,815864.0,204369.03,24.25,104.5,24.25,12,49.0,12,12,53.0,12,0,0.0,0,-74.95060083543336,-76.79425837320574,-75.51020408163265,-77.35849056603773,0.0,0.05073582845348479,0.21270996886101487,0.2448479902060804,0.17187052420509882,0.0
7612,"Aluminium casks, drums, cans, boxes etc (including rigid, collapsible tubular co",202007.97000000003,381218.16,202007.97000000003,18.0,34.0,18.0,1,3.0,1,9,17.0,9,0,0.0,0,-47.009877493768904,-47.05882352941177,-66.66666666666667,-47.05882352941177,0.0,0.05014968125139461,0.1578878119380729,0.020403999183840033,0.1289028931538241,0.0
3911,"Petroleum resins, coumarone-indene resins, polyterpenes, polysulphides, polysulp",200817.5,799462.5,200817.5,16.0,63.0,16.0,3,12.0,3,9,35.0,9,0,0.0,0,-74.88093562862548,-74.60317460317461,-75.0,-74.28571428571429,0.0,0.049854139986169534,0.14034472172273146,0.0612119975515201,0.1289028931538241,0.0
3917,"Tubes, pipes and hoses and fittings thereof (for example, joints, elbows, flange",194119.99,911905.21,194119.99,34.0,112.0,34.0,10,38.0,10,17,64.0,17,0,0.0,0,-78.71270085187912,-69.64285714285714,-73.6842105263158,-73.4375,0.0,0.04819144325357018,0.2982325336608044,0.20403999183840033,0.24348324262389,0.0
9403,"Furniture and parts thereof, n.e.c. in chapter 94",192834.63999999998,1734750.6499999997,192834.63999999998,35.0,284.0,35.0,15,119.0,15,19,144.0,19,0,0.0,0,-88.88401396477356,-87.67605633802818,-87.39495798319328,-86.80555555555556,0.0,0.04787234746345616,0.3070040787684751,0.3060599877576005,0.27212832999140646,0.0
8509,"Electro-mechanical domestic appliances; with self-contained electric motor, othe",190762.85,746304.62,190762.85,26.0,121.25,26.0,11,52.0,11,14,62.0,14,0,1.0,0,-74.43900990456149,-78.55670103092784,-78.84615384615384,-77.41935483870968,-100.0,0.047358013261098564,0.22806017279943863,0.22444399102224036,0.2005156115726153,0.0
2811,Inorganic acids and other inorganic oxygen compounds of non-metals; n.e.c. in he,176495.0,710665.0,176495.0,9.0,40.0,9.0,8,35.0,8,9,37.0,9,0,0.0,0,-75.16481042403946,-77.5,-77.14285714285714,-75.67567567567568,0.0,0.043815934551814414,0.07894390596903644,0.16323199347072026,0.1289028931538241,0.0
1005,Maize (corn),168371.0,1608915.0,168371.0,7.0,67.0,7.0,2,13.0,2,7,67.0,7,0,0.0,0,-89.53512149492049,-89.55223880597015,-84.61538461538461,-89.55223880597015,0.0,0.041799103183793,0.061400815753695014,0.040807998367680065,0.10025780578630765,0.0
2915,"Acids; saturated acyclic monocarboxylic acids and their anhydrides, halides, per",165472.0,165078.0,165472.0,12.0,9.0,12.0,4,5.0,4,6,6.0,6,0,0.0,0,0.23867505058214905,33.333333333333336,-20.0,0.0,0.0,0.04107940917395867,0.10525854129204859,0.08161599673536013,0.08593526210254941,0.0
6403,"Footwear; with outer soles of rubber, plastics, leather or composition leather a",162182.0,1901926.2,162182.0,22.0,236.0,22.0,11,118.0,11,11,118.0,11,0,0.0,0,-91.47275009934665,-90.67796610169492,-90.67796610169492,-90.67796610169492,0.0,0.040262647086219815,0.19297399236875576,0.22444399102224036,0.15754798052134059,0.0
2002,Tomatoes; prepared or preserved otherwise than by vinegar or acetic acid,158390.41999999998,3412919.3699999996,158390.41999999998,7.0,215.0,7.0,2,21.0,2,7,135.0,7,0,0.0,0,-95.35909282263532,-96.74418604651163,-90.47619047619048,-94.81481481481481,0.0,0.03932136477721407,0.061400815753695014,0.040807998367680065,0.10025780578630765,0.0
8716,"Trailers and semi-trailers; other vehicles, not mechanically propelled; parts th",150346.99,1297258.0899999999,150346.99,12.25,74.0,12.25,5,72.0,5,6,35.0,6,2,46.0,2,-88.41040258997344,-83.44594594594595,-93.05555555555556,-82.85714285714286,-95.65217391304348,0.037324535391383876,0.10745142756896628,0.10201999591920016,0.08593526210254941,0.12978585334198572
6204,"Suits, ensembles, jackets, dresses, skirts, divided skirts, trousers, bib and br",147119.0,1128020.5999999999,147119.0,12.0,106.0,12.0,6,51.0,6,6,51.0,6,0,0.0,0,-86.95777364349551,-88.67924528301887,-88.23529411764706,-88.23529411764706,0.0,0.0365231676553352,0.10525854129204859,0.1224239951030402,0.08593526210254941,0.0
0405,Butter and other fats and oils derived from milk; dairy spreads,143540.83000000002,881910.7999999999,143540.83000000002,12.0,74.0,12.0,7,42.0,7,7,42.0,7,0,0.0,0,-83.72388341315245,-83.78378378378379,-83.33333333333333,-83.33333333333333,0.0,0.035634865649412845,0.10525854129204859,0.14282799428688023,0.10025780578630765,0.0
2905,"Acyclic alcohols and their halogenated, sulphonated, nitrated or nitrosated deri",141240.0,4171944.0,141240.0,10.0,324.0,10.0,1,37.0,1,5,152.0,5,0,0.0,0,-96.61452790353849,-96.91358024691358,-97.29729729729729,-96.71052631578948,0.0,0.035063670903415216,0.08771545107670717,0.020403999183840033,0.07161271841879117,0.0
3214,"Glaziers' putty, grafting putty, resin cements, caulking compounds and other mas",140384.0,57024.0,140384.0,10.75,4.5,10.75,3,1.0,3,5,2.0,5,0,0.0,0,146.1840628507295,138.88888888888889,200.0,150.0,0.0,0.03485116380703088,0.0942941099074602,0.0612119975515201,0.07161271841879117,0.0
3506,"Prepared glues and other prepared adhesives, n.e.c. or included; products suitab",134695.8,919171.2400000001,134695.8,16.0,129.0,16.0,7,56.0,7,8,67.0,8,0,0.0,0,-85.34595142467687,-87.59689922480621,-87.5,-88.05970149253731,0.0,0.03343903429108067,0.14034472172273146,0.14282799428688023,0.11458034947006589,0.0
3305,Hair preparations; for use on the hair,125493.25,1322779.55,125493.25,10.0,105.0,10.0,5,49.0,5,5,53.0,5,0,1.0,0,-90.51291275254444,-90.47619047619048,-89.79591836734694,-90.56603773584905,-100.0,0.031154446464174534,0.08771545107670717,0.10201999591920016,0.07161271841879117,0.0
3303,Perfumes and toilet waters,121133.21,2902416.49,121133.21,24.0,334.25,24.0,13,190.0,13,14,176.0,14,0,25.0,0,-95.82647044566646,-92.81974569932684,-93.15789473684211,-92.04545454545455,-100.0,0.03007204057571711,0.21051708258409718,0.26525198938992045,0.2005156115726153,0.0
9018,"Instruments and appliances used in medical, surgical, dental or veterinary scien",115572.40000000001,209387.96,115572.40000000001,22.0,49.0,22.0,11,98.0,11,12,27.0,12,3,79.0,3,-44.80465830031487,-55.10204081632653,-88.77551020408163,-55.55555555555556,-96.20253164556962,0.028691536385711303,0.19297399236875576,0.22444399102224036,0.17187052420509882,0.1946787800129786
8414,"Air or vacuum pumps, air or other gas compressors and fans; ventilating or recyc",115567.67,984662.9199999998,115567.67,22.0,169.0,22.0,9,70.0,9,11,85.0,11,0,0.0,0,-88.26322514510854,-86.98224852071006,-87.14285714285714,-87.05882352941177,0.0,0.028690362135050208,0.19297399236875576,0.1836359926545603,0.15754798052134059,0.0
8429,"Bulldozers, graders, levellers, scrapers, angledozers, mechanical shovels, excav",114276.82,301909.65,114276.82,2.0,10.0,2.0,10,17.0,10,1,5.0,1,9,13.0,9,-62.14866931216011,-80.0,-41.1764705882353,-80.0,-30.76923076923077,0.028369900937190724,0.017543090215341433,0.20403999183840033,0.014322543683758236,0.5840363400389358
4202,"Trunks; suit, camera, jewellery, cutlery cases; travel, tool, similar bags; whol",102850.0,1013596.61,102850.0,14.0,134.0,14.0,7,60.0,7,7,67.0,7,0,0.0,0,-89.85296527382822,-89.55223880597015,-88.33333333333333,-89.55223880597015,0.0,0.025533124840103758,0.12280163150739003,0.14282799428688023,0.10025780578630765,0.0
2842,"Salts of inorganic acids or peroxoacids, n.e.c. including aluminosilicates wheth",98967.0,1461047.2,98967.0,6.0,68.0,6.0,4,22.0,4,4,66.0,4,0,0.0,0,-93.22629686433129,-91.17647058823529,-81.81818181818181,-93.93939393939394,0.0,0.024569146971808932,0.052629270646024295,0.08161599673536013,0.057290174735032943,0.0
2804,"Hydrogen, rare gases and other non-metals",97599.99,306054.0,97599.99,5.0,16.0,5.0,3,11.0,3,5,15.0,5,0,0.0,0,-68.11020604207101,-68.75,-72.72727272727273,-66.66666666666667,0.0,0.024229778600514132,0.043857725538353584,0.0612119975515201,0.07161271841879117,0.0
2005,Vegetables preparations n.e.c.; prepared or preserved otherwise than by vinegar ,96100.0,355289.0,96100.0,5.0,25.0,5.0,2,14.0,2,4,14.0,4,0,0.0,0,-72.95159715048875,-80.0,-85.71428571428571,-71.42857142857143,0.0,0.02385739715249364,0.043857725538353584,0.040807998367680065,0.057290174735032943,0.0
3816,"Refractory cements, mortars, concretes and similar compositions; other than prod",92402.22,1167791.31,92402.22,4.0,50.0,4.0,2,28.0,2,4,50.0,4,0,0.0,0,-92.08743726650955,-92.0,-92.85714285714286,-92.0,0.0,0.022939401251946837,0.035086180430682866,0.040807998367680065,0.057290174735032943,0.0
3406,"Candles, tapers and the like",92140.0,859693.17,92140.0,8.0,62.0,8.0,2,29.0,2,4,31.0,4,0,0.0,0,-89.28222263298892,-87.09677419354838,-93.10344827586206,-87.09677419354838,0.0,0.022874303575762374,0.07017236086136573,0.040807998367680065,0.057290174735032943,0.0
8441,"Machines; for making up paper pulp, paper or paperboard, including cutting machi",91572.0,1062823.5899999999,91572.0,8.0,57.0,8.0,3,19.0,3,4,30.0,4,2,11.0,2,-91.38408284671212,-85.96491228070175,-84.21052631578948,-86.66666666666667,-81.81818181818181,0.022733294194049406,0.07017236086136573,0.0612119975515201,0.057290174735032943,0.12978585334198572
4420,"Wood marquetry and inlaid wood; caskets and cases for jewellery or cutlery, and ",91315.99,267044.99,91315.99,5.0,19.0,5.0,2,8.0,2,4,13.0,4,0,0.0,0,-65.80501660038632,-73.6842105263158,-75.0,-69.23076923076923,0.0,0.022669738187337543,0.043857725538353584,0.040807998367680065,0.057290174735032943,0.0
8201,"Tools, hand; spades, shovels, mattocks, picks, hoes, forks, rakes; axes, bill ho",90825.0,357018.0,90825.0,7.0,32.0,7.0,3,13.0,3,4,16.0,4,0,0.0,0,-74.56010621313212,-78.125,-76.92307692307692,-75.0,0.0,0.022547846996620553,0.061400815753695014,0.0612119975515201,0.057290174735032943,0.0
9401,"Seats (not those of heading no. 9402), whether or not convertible into beds and ",87682.25,247817.5,87682.25,20.0,68.0,20.0,10,31.0,10,10,34.0,10,0,0.0,0,-64.61821703471304,-70.58823529411765,-67.74193548387096,-70.58823529411765,0.0,0.02176764059806697,0.17543090215341434,0.20403999183840033,0.14322543683758235,0.0
3605,Matches; other than pyrotechnic articles of heading no. 3604,85865.84,1093985.12,85865.84,10.0,130.0,10.0,2,41.0,2,5,60.0,5,0,0.0,0,-92.1510961684744,-92.3076923076923,-95.1219512195122,-91.66666666666667,0.0,0.02131670600117039,0.08771545107670717,0.040807998367680065,0.07161271841879117,0.0
0406,Cheese and curd,85465.22,880171.55,85465.22,9.0,89.25,9.0,8,37.0,8,8,53.0,8,0,0.0,0,-90.28993609257195,-89.91596638655462,-78.37837837837837,-84.90566037735849,0.0,0.021217249700991078,0.07894390596903644,0.16323199347072026,0.11458034947006589,0.0
8301,"Padlocks and locks (key, combination, electrically operated) of base metal; clas",84300.0,226845.41,84300.0,8.0,17.0,8.0,4,11.0,4,4,11.0,4,0,0.0,0,-62.83812839766077,-52.94117647058823,-63.63636363636363,-63.63636363636363,0.0,0.02092797689859744,0.07017236086136573,0.08161599673536013,0.057290174735032943,0.0
0305,"Fish, dried, salted or in brine; smoked fish, whether or not cooked before or du",84129.0,995080.0,84129.0,6.0,72.0,6.0,3,35.0,3,3,36.0,3,0,0.0,0,-91.5455038790851,-91.66666666666667,-91.42857142857143,-91.66666666666667,0.0,0.02088552513051132,0.052629270646024295,0.0612119975515201,0.042967631051274706,0.0
8474,"Machinery for sorting, screening, separating, washing, crushing, grinding, mixin",81356.91,161870.0,81356.91,9.25,22.0,9.25,6,13.0,6,5,11.0,5,1,2.0,1,-49.73935256687465,-57.95454545454545,-53.84615384615385,-54.54545454545455,-50.0,0.020197337283763595,0.08113679224595413,0.1224239951030402,0.07161271841879117,0.06489292667099286
8428,"Lifting, handling, loading or unloading machinery; n.e.c. in heading no. 8425, 8",80700.0,103900.0,80700.0,8.0,10.0,8.0,2,2.0,2,4,5.0,4,0,0.0,0,-22.329162656400385,-20.0,0.0,-20.0,0.0,0.02003425546520538,0.07017236086136573,0.040807998367680065,0.057290174735032943,0.0
2208,"Ethyl alcohol, undenatured; of an alcoholic strength by volume of less than 80% ",78442.8,3144914.4700000007,78442.8,6.0,246.5,6.0,3,80.0,3,3,118.0,3,0,0.0,0,-97.5057254895711,-97.56592292089249,-96.25,-97.45762711864407,0.0,0.019473892126468557,0.052629270646024295,0.0612119975515201,0.042967631051274706,0.0
0702,Meat and edible meat offal,76178.56,146333.31,76178.56,4.0,8.0,4.0,4,8.0,4,4,8.0,4,0,0.0,0,-47.94175024128136,-50.0,-50.0,-50.0,0.0,0.018911781065817545,0.035086180430682866,0.08161599673536013,0.057290174735032943,0.0
6704,"Wigs, false beards, eyebrows and eyelashes, switches and the like, of human or a",75488.98,3385013.3,75488.98,6.0,250.0,6.0,3,123.0,3,3,125.0,3,0,0.0,0,-97.76990595576095,-97.6,-97.5609756097561,-97.6,0.0,0.018740588725251296,0.052629270646024295,0.0612119975515201,0.042967631051274706,0.0
9404,"Mattress supports; articles of bedding (e.g. mattresses, quilts, eiderdowns, cus",75468.0,164148.09999999998,75468.0,14.0,20.0,14.0,5,8.0,5,7,10.0,7,0,0.0,0,-54.024444998144965,-30.0,-37.5,-30.0,0.0,0.01873538031534225,0.12280163150739003,0.10201999591920016,0.10025780578630765,0.0
1602,"Prepared or preserved meat, meat offal or blood",74816.56,57834.0,74816.56,6.0,6.0,6.0,3,2.0,3,3,2.0,3,0,0.0,0,29.36431856693294,0.0,50.0,50.0,0.0,0.01857365645685088,0.052629270646024295,0.0612119975515201,0.042967631051274706,0.0
3904,"Polymers of vinyl chloride or of other halogenated olefins, in primary forms",74707.44,742422.02,74707.44,6.0,55.0,6.0,1,7.0,1,3,29.0,3,0,0.0,0,-89.93733510221047,-89.0909090909091,-85.71428571428571,-89.65517241379311,0.0,0.018546566767180955,0.052629270646024295,0.020403999183840033,0.042967631051274706,0.0
9617,"Vacuum flasks and other vacuum vessels, complete with cases; parts thereof other",74540.19,336056.0,74540.19,10.0,76.0,10.0,4,35.0,4,5,38.0,5,0,0.0,0,-77.81911645678102,-86.84210526315789,-88.57142857142857,-86.84210526315789,0.0,0.01850504595892128,0.08771545107670717,0.08161599673536013,0.07161271841879117,0.0
8415,Air conditioning machines; comprising a motor driven fan and elements for changi,74521.69,601835.2799999999,74521.69,18.0,110.0,18.0,8,40.0,8,9,57.0,9,0,0.0,0,-87.61759363791367,-83.63636363636364,-80.0,-84.21052631578948,0.0,0.018500453223777462,0.1578878119380729,0.16323199347072026,0.1289028931538241,0.0
2402,"Cigars, cheroots, cigarillos and cigarettes; of tobacco or of tobacco substitute",73744.6,477716.95,73744.6,10.0,59.0,10.0,3,17.0,3,5,32.0,5,0,0.0,0,-84.56311839050299,-83.05084745762711,-82.3529411764706,-84.375,0.0,0.018307536004701176,0.08771545107670717,0.0612119975515201,0.07161271841879117,0.0
3402,"Organic surface-active agents (not soap); surface-active, washing (including aux",72045.03,372170.65,72045.03,6.0,28.0,6.0,3,12.0,3,3,15.0,3,0,0.0,0,-80.64193670296139,-78.57142857142857,-75.0,-80.0,0.0,0.01788560763343724,0.052629270646024295,0.0612119975515201,0.042967631051274706,0.0
8536,"Electrical apparatus for switching, protecting electrical circuits, for making c",69311.45999999999,77270.92,69311.45999999999,10.25,8.25,10.25,5,4.0,5,6,4.0,6,0,0.0,0,-10.300718562688276,24.242424242424242,25.0,50.0,0.0,0.017206982606026815,0.08990833735362484,0.10201999591920016,0.08593526210254941,0.0
8436,"Agricultural, horticultural, forestry, poultry-keeping, bee-keeping machinery; i",68613.0,105257.0,68613.0,6.0,12.25,6.0,2,7.0,2,3,6.0,3,0,1.0,0,-34.81383660944165,-51.02040816326531,-71.42857142857143,-50.0,-100.0,0.01703358575259153,0.052629270646024295,0.040807998367680065,0.042967631051274706,0.0
8504,"Electric transformers, static converters (e.g. rectifiers) and inductors",68381.45999999999,269767.69,68381.45999999999,7.0,31.0,7.0,4,20.0,4,4,21.0,4,0,0.0,0,-74.65172348845779,-77.41935483870968,-80.0,-80.95238095238095,0.0,0.0169761045690672,0.061400815753695014,0.08161599673536013,0.057290174735032943,0.0
8518,"Microphones and their stands; loudspeakers, mounted or not in their enclosures; ",66221.3,492738.36,66221.3,12.0,82.0,12.0,6,30.0,6,6,41.0,6,0,0.0,0,-86.56055517983215,-85.36585365853658,-80.0,-85.36585365853658,0.0,0.016439831988079367,0.10525854129204859,0.1224239951030402,0.08593526210254941,0.0
5608,"Twine, cordage or rope; knotted netting, made up fishing nets and other made up ",63163.8,66728.1,63163.8,4.0,6.0,4.0,2,3.0,2,3,3.0,3,0,0.0,0,-5.341527782148754,-33.333333333333336,-33.333333333333336,0.0,0.0,0.015680789409580415,0.035086180430682866,0.040807998367680065,0.042967631051274706,0.0
8204,"Tools, hand; hand-operated spanners and wrenches (including torque meter wrenche",61381.0,1222644.4100000001,61381.0,8.0,128.0,8.0,2,42.0,2,4,67.0,4,0,0.0,0,-94.97965234225379,-93.75,-95.23809523809524,-94.02985074626865,0.0,0.01523819869528837,0.07017236086136573,0.040807998367680065,0.057290174735032943,0.0
1904,Prepared foods obtained by swelling or roasting cereals or cereal products (e.g.,59690.0,0.0,59690.0,8.0,0.0,8.0,2,0.0,2,4,0.0,4,0,0.0,0,5969000.0,800.0,200.0,400.0,0.0,0.01481839787754782,0.07017236086136573,0.040807998367680065,0.057290174735032943,0.0
8212,Razors and razor blades; (including razor blade blanks in strips),59106.6,130924.2,59106.6,8.0,18.0,8.0,1,4.0,1,4,9.0,4,0,0.0,0,-54.854335562103884,-55.55555555555556,-75.0,-55.55555555555556,0.0,0.014673565354147561,0.07017236086136573,0.020403999183840033,0.057290174735032943,0.0
7323,"Table, kitchen, other household articles and parts, of iron or steel; iron or st",57807.5,249024.2,57807.5,8.0,33.0,8.0,4,13.0,4,4,17.0,4,0,0.0,0,-76.78639264778282,-75.75757575757575,-69.23076923076923,-76.47058823529412,0.0,0.014351056044669889,0.07017236086136573,0.08161599673536013,0.057290174735032943,0.0
2712,"Petroleum jelly; paraffin wax, micro-crystalline petroleum wax, slack wax, ozoke",56843.0,123216.4,56843.0,4.0,10.0,4.0,2,5.0,2,2,5.0,2,0,0.0,0,-53.86734233429965,-60.0,-60.0,-60.0,0.0,0.014111613177306932,0.035086180430682866,0.040807998367680065,0.028645087367516472,0.0
9507,"Fishing rods, fish-hooks and other line fishing tackle; fish landing nets and th",56400.0,0.0,56400.0,2.0,0.0,2.0,1,0.0,1,2,0.0,2,0,0.0,0,5640000.0,200.0,100.0,200.0,0.0,0.014001635789808965,0.017543090215341433,0.020403999183840033,0.028645087367516472,0.0
8112,"Beryllium, chromium, germanium, vanadium, gallium, hafnium, indium, niobium (col",56290.0,82391.0,56290.0,2.0,4.0,2.0,1,3.0,1,2,3.0,2,0,0.0,0,-31.679431005813743,-50.0,-66.66666666666667,-33.333333333333336,0.0,0.013974327634899763,0.017543090215341433,0.020403999183840033,0.028645087367516472,0.0
8515,"Electric (electrically heated gas) soldering, brazing, welding machines and appa",55620.0,428695.6,55620.0,2.0,16.0,2.0,2,15.0,2,2,16.0,2,0,0.0,0,-87.0257590700721,-87.5,-86.66666666666667,-87.5,0.0,0.01380799614590735,0.017543090215341433,0.040807998367680065,0.028645087367516472,0.0
2103,"Sauces and preparations therefor; mixed condiments and mixed seasonings, mustard",55245.9,454742.28,55245.9,5.0,44.0,5.0,3,23.0,3,3,23.0,3,0,1.0,0,-87.85116264095785,-88.63636363636364,-86.95652173913044,-86.95652173913044,-100.0,0.013715123593620692,0.043857725538353584,0.0612119975515201,0.042967631051274706,0.0
1509,"Olive oil and its fractions; whether or not refined, but not chemically modified",54000.0,0.0,54000.0,4.0,0.0,4.0,1,0.0,1,2,0.0,2,0,0.0,0,5400000.0,400.0,100.0,200.0,0.0,0.013405821500880924,0.035086180430682866,0.020403999183840033,0.028645087367516472,0.0
8529,Transmission apparatus; parts suitable for use solely or principally with the ap,53989.91,216108.93,53989.91,6.0,33.0,6.0,2,7.0,2,3,19.0,3,0,0.0,0,-75.01727022571441,-81.81818181818181,-71.42857142857143,-84.21052631578948,0.0,0.013403316598307888,0.052629270646024295,0.040807998367680065,0.042967631051274706,0.0
2102,"Yeasts (active or inactive); other single-cell micro-organisms, dead (but not in",53494.0,410653.02,53494.0,4.0,31.0,4.0,2,13.0,2,2,16.0,2,1,1.0,1,-86.97343075670062,-87.09677419354838,-84.61538461538461,-87.5,0.0,0.013280203988298595,0.035086180430682866,0.040807998367680065,0.028645087367516472,0.06489292667099286
2806,Hydrogen chloride (hydrochloric acid); chlorosulphuric acid,53454.0,132780.0,53454.0,3.0,6.0,3.0,2,2.0,2,3,6.0,3,0,0.0,0,-59.74243108901943,-50.0,0.0,-50.0,0.0,0.013270273750149794,0.026314635323012148,0.040807998367680065,0.042967631051274706,0.0
7604,"Aluminium; bars, rods and profiles",52110.0,448165.75,52110.0,4.0,36.0,4.0,2,18.0,2,2,18.0,2,0,0.0,0,-88.3726054478728,-88.88888888888889,-88.88888888888889,-88.88888888888889,0.0,0.012936617748350091,0.035086180430682866,0.040807998367680065,0.028645087367516472,0.0
8417,"Furnaces and ovens; industrial or laboratory, including incinerators, non-electr",50469.86,0.0,50469.86,8.0,0.0,8.0,2,0.0,2,4,0.0,4,0,0.0,0,5046986.0,800.0,200.0,400.0,0.0,0.012529443228415742,0.07017236086136573,0.040807998367680065,0.057290174735032943,0.0
6910,"Ceramic sinks, wash basins, wash basin pedestals, baths, bidets, water closet pa",49370.0,162593.0,49370.0,2.0,16.0,2.0,1,8.0,1,2,8.0,2,0,0.0,0,-69.63583918126857,-87.5,-87.5,-75.0,0.0,0.012256396435157245,0.017543090215341433,0.020403999183840033,0.028645087367516472,0.0
2837,"Cyanides, cyanide oxides and complex cyanides",47850.0,413385.6,47850.0,4.5,33.75,4.5,1,9.0,1,2,15.0,2,0,0.0,0,-88.42485079306101,-86.66666666666667,-88.88888888888889,-86.66666666666667,0.0,0.011879047385502817,0.03947195298451822,0.020403999183840033,0.028645087367516472,0.0
1301,"Lac; natural gums, resins, gum-resins and oleoresins (for example, balsams)",47448.0,44107.0,47448.0,4.0,4.0,4.0,3,3.0,3,3,3.0,3,0,0.0,0,7.5747613757453465,0.0,0.0,0.0,0.0,0.011779248492107371,0.035086180430682866,0.0612119975515201,0.042967631051274706,0.0
4809,"Carbon paper, self copy paper, and other copying or transfer papers (including c",47147.0,1264621.56,47147.0,4.0,104.0,4.0,2,29.0,2,2,53.0,2,0,0.0,0,-96.27184910559329,-96.15384615384616,-93.10344827586206,-96.22641509433963,0.0,0.011704523450037646,0.035086180430682866,0.040807998367680065,0.028645087367516472,0.0
1209,"Seeds, fruit and spores; of a kind used for sowing",45401.729999999996,127184.97,45401.729999999996,7.0,14.0,7.0,3,11.0,3,4,10.0,4,0,1.0,0,-64.30259801924709,-50.0,-72.72727272727273,-60.0,-100.0,0.01127124978168871,0.061400815753695014,0.0612119975515201,0.057290174735032943,0.0
2507,Kaolin and other kaolinic clays; whether or not calcined,45132.0,324872.0,45132.0,4.0,27.0,4.0,1,9.0,1,2,14.0,2,0,0.0,0,-86.10775936368785,-85.18518518518519,-88.88888888888889,-85.71428571428571,0.0,0.011204287703291812,0.035086180430682866,0.020403999183840033,0.028645087367516472,0.0
2104,Soups and broths and preparations therefor; homogenised composite food preparati,44940.0,1280289.53,44940.0,4.0,102.0,4.0,2,54.0,2,2,55.0,2,0,0.0,0,-96.48985647801088,-96.07843137254902,-96.29629629629629,-96.36363636363636,0.0,0.011156622560177569,0.035086180430682866,0.040807998367680065,0.028645087367516472,0.0
1108,Starches; inulin,42300.0,2266700.0,42300.0,2.0,107.0,2.0,1,33.0,1,2,107.0,2,0,0.0,0,-98.13385097277981,-98.13084112149532,-96.96969696969697,-98.13084112149532,0.0,0.010501226842356723,0.017543090215341433,0.020403999183840033,0.028645087367516472,0.0
2309,Preparations of a kind used in animal feeding,40811.83,704474.53,40811.83,3.0,59.5,3.0,2,32.0,2,2,30.0,2,0,3.0,0,-94.20676997364264,-94.95798319327731,-93.75,-93.33333333333333,-100.0,0.010131779779709206,0.026314635323012148,0.040807998367680065,0.028645087367516472,0.0
8803,Aircraft; parts of heading no. 8801 or 8802,40586.98,0.0,40586.98,0.0,0.0,0.0,1,0.0,1,0,0.0,0,1,0.0,1,4058698.0000000005,0.0,100.0,0.0,100.0,0.01007595942851526,0.0,0.020403999183840033,0.0,0.06489292667099286
4901,"Printed books, brochures, leaflets and similar printed matter, whether or not in",40041.1,475098.81000000006,40041.1,5.0,52.0,5.0,4,41.0,4,4,33.0,4,0,22.0,0,-91.57204792830359,-90.38461538461539,-90.2439024390244,-87.87878787878788,-100.0,0.009940441468498576,0.043857725538353584,0.08161599673536013,0.057290174735032943,0.0
6211,"Track suits, swimwear and other garments (not knitted or crocheted)",38355.0,81810.0,38355.0,4.0,10.0,4.0,2,5.0,2,2,5.0,2,0,0.0,0,-53.11697836450312,-60.0,-60.0,-60.0,0.0,0.009521857104931256,0.035086180430682866,0.040807998367680065,0.028645087367516472,0.0
8710,"Tanks and other armoured fighting vehicles; motorised, whether or not fitted wit",36126.0,0.0,36126.0,2.0,0.0,2.0,1,0.0,1,2,0.0,2,0,0.0,0,3612600.0,200.0,100.0,200.0,0.0,0.008968494584089338,0.017543090215341433,0.020403999183840033,0.028645087367516472,0.0
0906,Cinnamon and cinnamon-tree flowers,34464.0,352999.0,34464.0,4.0,42.0,4.0,1,13.0,1,2,21.0,2,0,0.0,0,-90.23679953767575,-90.47619047619048,-92.3076923076923,-90.47619047619048,0.0,0.00855589318900667,0.035086180430682866,0.020403999183840033,0.028645087367516472,0.0
3912,"Cellulose and its chemical derivatives, n.e.c. or included, in primary forms",33363.5,135615.76,33363.5,8.0,34.0,8.0,4,14.0,4,4,17.0,4,0,0.0,0,-75.3985082559726,-76.47058823529412,-71.42857142857143,-76.47058823529412,0.0,0.00828268751193779,0.07017236086136573,0.08161599673536013,0.057290174735032943,0.0
3209,Paints and varnishes (including enamels and lacquers) based on synthetic or chem,33359.0,83595.11,33359.0,3.0,10.0,3.0,2,5.0,2,2,6.0,2,0,1.0,0,-60.09455577006837,-70.0,-60.0,-66.66666666666667,-100.0,0.00828157036014605,0.026314635323012148,0.040807998367680065,0.028645087367516472,0.0
0701,Potatoes; fresh or chilled,29844.6,458438.0,29844.6,8.0,140.0,8.0,4,16.0,4,4,70.0,4,0,0.0,0,-93.48993757062024,-94.28571428571429,-75.0,-94.28571428571429,0.0,0.007409099636392422,0.07017236086136573,0.08161599673536013,0.057290174735032943,0.0
2835,"Phosphinates (hypophosphites), phosphonates (phosphites), and phosphates; and po",29528.5,573793.1,29528.5,3.0,30.0,3.0,2,14.0,2,2,21.0,2,0,0.0,0,-94.85380706041951,-90.0,-85.71428571428571,-90.47619047619048,0.0,0.0073306259294215245,0.026314635323012148,0.040807998367680065,0.028645087367516472,0.0
3005,"Wadding, gauze, bandages (dressings, adhesive plasters, poultices), impregnated ",29000.0,56923.5,29000.0,4.0,6.0,4.0,2,3.0,2,2,3.0,2,0,0.0,0,-49.05443270354072,-33.333333333333336,-33.333333333333336,-33.333333333333336,0.0,0.007199422657880495,0.035086180430682866,0.040807998367680065,0.028645087367516472,0.0
8706,"Chassis; fitted with engines, for the motor vehicles of heading no. 8701 to 8705",28490.0,51957.0,28490.0,8.0,12.0,8.0,1,3.0,1,4,6.0,4,0,0.0,0,-45.16619512289008,-33.333333333333336,-66.66666666666667,-33.333333333333336,0.0,0.007072812121483287,0.07017236086136573,0.020403999183840033,0.057290174735032943,0.0
9405,"Lamps, light fittings; including searchlights, spotlights and parts thereof, n.e",28178.8,389440.45999999996,28178.8,8.0,48.0,8.0,5,25.0,5,5,26.0,5,0,0.0,0,-92.76428545714023,-83.33333333333333,-80.0,-80.76923076923077,0.0,0.0069955548686856175,0.07017236086136573,0.10201999591920016,0.07161271841879117,0.0
8544,"Insulated wire, cable and other electric conductors, connector fitted or not; op",28175.0,419499.16000000003,28175.0,4.0,40.0,4.0,2,15.0,2,2,22.0,2,0,0.0,0,-93.28365758825356,-90.0,-86.66666666666667,-90.9090909090909,0.0,0.006994611496061481,0.035086180430682866,0.040807998367680065,0.028645087367516472,0.0
1902,"Pasta; whether or not cooked or stuffed with meat or other substance, or otherwi",27790.0,16030.0,27790.0,2.0,2.0,2.0,1,1.0,1,1,1.0,1,0,0.0,0,73.36244541484716,0.0,0.0,0.0,0.0,0.006899032953879275,0.017543090215341433,0.020403999183840033,0.014322543683758236,0.0
4911,"Printed matter, n.e.c., including printed pictures and photographs",27748.0,96057.98,27748.0,4.0,14.0,4.0,1,3.0,1,4,14.0,4,0,0.0,0,-71.11327970877589,-71.42857142857143,-66.66666666666667,-71.42857142857143,0.0,0.006888606203823034,0.035086180430682866,0.020403999183840033,0.057290174735032943,0.0
7020,Glass; articles n.e.c. in chapter 70,27395.04,38990.6,27395.04,4.0,4.0,4.0,2,2.0,2,2,2.0,2,0,0.0,0,-29.739373079665352,0.0,0.0,0.0,0.0,0.006800981782398017,0.035086180430682866,0.040807998367680065,0.028645087367516472,0.0
4203,"Articles of apparel and clothing accessories, of leather or of composition leath",27288.0,41640.0,27288.0,2.0,4.0,2.0,1,2.0,1,1,2.0,1,0,0.0,0,-34.46685878962536,-50.0,-50.0,-50.0,0.0,0.006774408465111827,0.017543090215341433,0.020403999183840033,0.014322543683758236,0.0
2809,Diphosphorus pentoxide; phosphoric acid and polyphosphoric acids,27200.0,54440.0,27200.0,1.0,2.0,1.0,1,2.0,1,1,2.0,1,0,0.0,0,-50.03673769287289,-50.0,-50.0,-50.0,0.0,0.006752561941184465,0.008771545107670716,0.020403999183840033,0.014322543683758236,0.0
7009,"Glass mirrors; whether or not framed, including rear-view mirrors",27000.0,30239.2,27000.0,1.0,2.0,1.0,1,2.0,1,1,2.0,1,0,0.0,0,-10.711923595862325,-50.0,-50.0,-50.0,0.0,0.006702910750440462,0.008771545107670716,0.020403999183840033,0.014322543683758236,0.0
7609,"Aluminium; tube or pipe fittings (e.g. couplings, elbows, sleeves)",26630.0,24400.0,26630.0,2.0,2.0,2.0,1,1.0,1,1,1.0,1,0,0.0,0,9.139344262295081,0.0,0.0,0.0,0.0,0.006611056047564055,0.017543090215341433,0.020403999183840033,0.014322543683758236,0.0
9603,"Brooms, brushes (including parts of machines), hand operated floor sweepers, mop",26533.9,605680.7999999999,26533.9,4.0,78.0,4.0,2,34.0,2,2,39.0,2,0,0.0,0,-95.6191611158881,-94.87179487179488,-94.11764705882354,-94.87179487179488,0.0,0.006587198650411561,0.035086180430682866,0.040807998367680065,0.028645087367516472,0.0
2936,"Provitamins, vitamins; natural or reproduced by synthesis (including natural con",26500.0,64980.2,26500.0,2.0,4.0,2.0,1,3.0,1,1,3.0,1,0,0.0,0,-59.21834651170664,-50.0,-66.66666666666667,-66.66666666666667,0.0,0.006578782773580453,0.017543090215341433,0.020403999183840033,0.014322543683758236,0.0
3504,Peptones and their derivatives; other protein substances and their derivatives n,26480.0,0.0,26480.0,2.0,0.0,2.0,1,0.0,1,1,0.0,1,0,0.0,0,2648000.0,200.0,100.0,100.0,0.0,0.006573817654506053,0.017543090215341433,0.020403999183840033,0.014322543683758236,0.0
5402,"Synthetic filament yarn (other than sewing thread), not put up for retail sale, ",26460.0,149634.97,26460.0,2.0,18.0,2.0,1,9.0,1,1,9.0,1,0,0.0,0,-82.31696775158909,-88.88888888888889,-88.88888888888889,-88.88888888888889,0.0,0.006568852535431652,0.017543090215341433,0.020403999183840033,0.014322543683758236,0.0
7206,Iron and non-alloy steel in ingots or other primary forms (excluding iron of hea,26260.7,0.0,26260.7,4.0,0.0,4.0,1,0.0,1,2,0.0,2,0,0.0,0,2626070.0,400.0,100.0,200.0,0.0,0.006519375123855253,0.035086180430682866,0.020403999183840033,0.028645087367516472,0.0
6110,"Jerseys, pullovers, cardigans, waistcoats and similar articles; knitted or croch",26144.2,253560.0,26144.2,2.0,26.0,2.0,1,11.0,1,1,13.0,1,0,0.0,0,-89.68914655308409,-92.3076923076923,-90.9090909090909,-92.3076923076923,0.0,0.0064904533052468705,0.017543090215341433,0.020403999183840033,0.014322543683758236,0.0
2916,"Acids; unsaturated acyclic monocarboxylic, cyclic monocarboxylic, their anhydrid",26135.2,111188.8,26135.2,2.0,8.0,2.0,1,4.0,1,1,4.0,1,0,0.0,0,-76.49475486739671,-75.0,-75.0,-75.0,0.0,0.006488219001663391,0.017543090215341433,0.020403999183840033,0.014322543683758236,0.0
9609,"Pencils (not of heading no. 9608), crayons, pencil leads, pastels, drawing charc",26002.28,25876.76,26002.28,2.0,2.0,2.0,1,1.0,1,1,1.0,1,0,0.0,0,0.48506845524710374,0.0,0.0,0.0,0.0,0.006455220820294926,0.017543090215341433,0.020403999183840033,0.014322543683758236,0.0
0907,"Cloves (whole fruit, cloves and stems)",25602.0,257243.4,25602.0,2.0,20.0,2.0,1,10.0,1,1,10.0,1,0,0.0,0,-90.04755807146073,-90.0,-90.0,-90.0,0.0,0.006355848927139878,0.017543090215341433,0.020403999183840033,0.014322543683758236,0.0
5703,"Carpets and other textile floor coverings; tufted, whether or not made up",25578.0,0.0,25578.0,2.0,0.0,2.0,1,0.0,1,1,0.0,1,0,0.0,0,2557800.0,200.0,100.0,100.0,0.0,0.006349890784250597,0.017543090215341433,0.020403999183840033,0.014322543683758236,0.0
8447,"Knitting machines, stitch-bonding machines and machines for making gimped yarn, ",25240.0,52014.0,25240.0,2.0,4.0,2.0,1,2.0,1,1,2.0,1,0,0.0,0,-51.47460299150229,-50.0,-50.0,-50.0,0.0,0.006265980271893231,0.017543090215341433,0.020403999183840033,0.014322543683758236,0.0
4804,"Uncoated kraft paper and paperboard, in rolls or sheets, other than that of head",24352.0,96514.0,24352.0,2.0,8.0,2.0,1,4.0,1,1,4.0,1,0,0.0,0,-74.76842737841142,-75.0,-75.0,-75.0,0.0,0.006045528984989856,0.017543090215341433,0.020403999183840033,0.014322543683758236,0.0
4812,"Filter blocks, slabs and plates of paper pulp",23669.0,129282.79999999999,23669.0,2.0,12.0,2.0,1,6.0,1,1,6.0,1,0,0.0,0,-81.69207350088332,-83.33333333333333,-83.33333333333333,-83.33333333333333,0.0,0.005875970168599085,0.017543090215341433,0.020403999183840033,0.014322543683758236,0.0
9608,"Pens; ball-point, felt tipped, other porous tipped pens; fountain pens, stylogra",23263.8,142682.1,23263.8,2.0,16.0,2.0,1,7.0,1,1,7.0,1,0,0.0,0,-83.69536192696911,-87.5,-85.71428571428571,-85.71428571428571,0.0,0.005775376856151733,0.017543090215341433,0.020403999183840033,0.014322543683758236,0.0
3824,Prepared binders for foundry moulds or cores; chemical products and preparations,23162.5,36437644.0,23162.5,3.0,18.0,3.0,3,16.0,3,2,11.0,2,1,5.0,1,-99.93643249821531,-83.33333333333333,-81.25,-81.81818181818181,-80.0,0.005750228528039896,0.026314635323012148,0.0612119975515201,0.028645087367516472,0.06489292667099286
2912,"Aldehydes, whether or not with other oxygen function; cyclic polymers of aldehyd",23115.46,17687.2,23115.46,4.0,2.0,4.0,2,1.0,2,2,1.0,2,0,0.0,0,30.69032972997421,100.0,100.0,100.0,0.0,0.005738550567976906,0.035086180430682866,0.040807998367680065,0.028645087367516472,0.0
5607,"Twine, cordage, ropes and cables, whether or not plaited or braided; whether or ",23008.0,68706.0,23008.0,2.0,6.0,2.0,1,3.0,1,1,3.0,1,0,0.0,0,-66.5123861089279,-66.66666666666667,-66.66666666666667,-66.66666666666667,0.0,0.005711872983190153,0.017543090215341433,0.020403999183840033,0.014322543683758236,0.0
2828,Hypochlorites; commercial calcium hypochlorite; chlorites; hypobromites,22840.0,68270.0,22840.0,1.0,4.0,1.0,1,3.0,1,1,3.0,1,0,0.0,0,-66.54460231434012,-75.0,-66.66666666666667,-66.66666666666667,0.0,0.005670165982965191,0.008771545107670716,0.020403999183840033,0.014322543683758236,0.0
8407,Reciprocating or rotary internal combustion piston engines,22644.6,215842.31,22644.6,0.0,0.0,0.0,32,122.0,32,0,0.0,0,32,123.0,32,-89.50872977591835,0.0,-73.77049180327869,0.0,-73.98373983739837,0.005621656769608299,0.0,0.652927973882881,0.0,2.0765736534717716
1507,"Soya-bean oil and its fractions; whether or not refined, but not chemically modi",22465.0,23830.0,22465.0,1.0,1.0,1.0,1,1.0,1,1,1.0,1,0,0.0,0,-5.728073856483424,0.0,0.0,0.0,0.0,0.005577070000320184,0.008771545107670716,0.020403999183840033,0.014322543683758236,0.0
9001,Optical fibres and optical fibre bundles; optical fibre cables not of heading no,21740.0,59381.740000000005,21740.0,2.0,6.0,2.0,1,3.0,1,1,3.0,1,0,0.0,0,-63.38941903689586,-66.66666666666667,-66.66666666666667,-66.66666666666667,0.0,0.005397084433873172,0.017543090215341433,0.020403999183840033,0.014322543683758236,0.0
1516,Animal or vegetable fats and oils and their fractions; partly or wholly hydrogen,21504.26,11751612.45,21504.26,1.0,24.0,1.0,1,20.0,1,1,12.0,1,0,17.0,0,-99.81701013293713,-95.83333333333333,-95.0,-91.66666666666667,-100.0,0.005338560575343215,0.008771545107670716,0.020403999183840033,0.014322543683758236,0.0
6108,"Slips, petticoats, briefs, panties, nightdresses, pyjamas, negligees, bathrobes,",21053.0,1516456.7999999998,21053.0,2.0,132.0,2.0,1,64.0,1,1,66.0,1,0,0.0,0,-98.61169800550863,-98.48484848484848,-98.4375,-98.48484848484848,0.0,0.0052265325936675195,0.017543090215341433,0.020403999183840033,0.014322543683758236,0.0
6217,Sugars and sugar confectionery,20880.0,60630.0,20880.0,2.0,9.0,2.0,1,6.0,1,2,6.0,2,0,0.0,0,-65.56160316674914,-77.77777777777777,-83.33333333333333,-66.66666666666667,0.0,0.005183584313673957,0.017543090215341433,0.020403999183840033,0.028645087367516472,0.0
6107,"Underpants, briefs, nightshirts, pyjamas, bathrobes, dressing gowns and similar ",20030.0,59127.0,20030.0,2.0,6.0,2.0,1,3.0,1,1,3.0,1,0,0.0,0,-66.12376748355236,-66.66666666666667,-66.66666666666667,-66.66666666666667,0.0,0.004972566753011942,0.017543090215341433,0.020403999183840033,0.014322543683758236,0.0
2902,Cyclic hydrocarbons,19716.0,39663.0,19716.0,1.0,2.0,1.0,1,2.0,1,1,2.0,1,0,0.0,0,-50.291203388548524,-50.0,-50.0,-50.0,0.0,0.004894614383543857,0.008771545107670716,0.020403999183840033,0.014322543683758236,0.0
2201,"Waters, including natural or artificial mineral waters and aerated waters, not c",19360.14,133372.81,19360.14,1.0,7.0,1.0,1,4.0,1,1,7.0,1,0,0.0,0,-85.48419276762633,-85.71428571428571,-75.0,-85.71428571428571,0.0,0.004806270019853052,0.008771545107670716,0.020403999183840033,0.014322543683758236,0.0
8450,Household or laundry-type washing machines; including machines which both wash a,18533.4,273133.53,18533.4,8.0,128.0,8.0,4,41.0,4,4,64.0,4,0,0.0,0,-93.2145277073818,-93.75,-90.2439024390244,-93.75,0.0,0.004601026892674566,0.07017236086136573,0.08161599673536013,0.057290174735032943,0.0
4817,"Envelopes, letter cards, plain postcards and correspondence cards, of paper, pap",18058.0,18061.58,18058.0,2.0,2.0,2.0,1,1.0,1,1,1.0,1,0,0.0,0,-0.019821078776063587,0.0,0.0,0.0,0.0,0.0044830060122760685,0.017543090215341433,0.020403999183840033,0.014322543683758236,0.0
4802,"Uncoated paper and paperboard, used for writing, printing or other graphics, non",18030.0,28390.0,18030.0,1.0,2.0,1.0,1,1.0,1,1,1.0,1,0,0.0,0,-36.49172243747798,-50.0,0.0,0.0,0.0,0.004476054845571908,0.008771545107670716,0.020403999183840033,0.014322543683758236,0.0
7310,"Tanks, casks, drums, cans, boxes and similar containers, for any material (exclu",17779.0,0.0,17779.0,2.0,0.0,2.0,1,0.0,1,1,0.0,1,0,0.0,0,1777900.0,200.0,100.0,100.0,0.0,0.004413742601188184,0.017543090215341433,0.020403999183840033,0.014322543683758236,0.0
6404,"Dairy produce; birds' eggs; natural honey; edible products of animal origin, not",17440.0,0.0,17440.0,2.0,0.0,2.0,1,0.0,1,1,0.0,1,0,0.0,0,1744000.0,200.0,100.0,100.0,0.0,0.004329583832877098,0.017543090215341433,0.020403999183840033,0.014322543683758236,0.0
6303,Curtains (including drapes) and interior blinds; curtain or bed valances,16796.0,189275.0,16796.0,2.0,22.0,2.0,1,11.0,1,1,11.0,1,0,0.0,0,-91.12613921542729,-90.9090909090909,-90.9090909090909,-90.9090909090909,0.0,0.004169706998681407,0.017543090215341433,0.020403999183840033,0.014322543683758236,0.0
5601,"Wadding of textile materials and articles thereof; textile fibres, not exceeding",16654.0,0.0,16654.0,2.0,0.0,2.0,1,0.0,1,1,0.0,1,0,0.0,0,1665400.0,200.0,100.0,100.0,0.0,0.004134454653253164,0.017543090215341433,0.020403999183840033,0.014322543683758236,0.0
0712,"Vegetables, dried; whole, cut, sliced, broken or in powder, but not further prep",16640.0,4400.0,16640.0,1.0,1.0,1.0,1,1.0,1,1,1.0,1,0,0.0,0,278.1818181818182,0.0,0.0,0.0,0.0,0.004130979069901085,0.008771545107670716,0.020403999183840033,0.014322543683758236,0.0
4504,Agglomerated cork (with or without a binding substance) and articles of agglomer,16194.0,36601.0,16194.0,3.0,7.0,3.0,2,7.0,2,2,7.0,2,0,0.0,0,-55.75530723204284,-57.142857142857146,-71.42857142857143,-71.42857142857143,0.0,0.004020256914541957,0.026314635323012148,0.040807998367680065,0.028645087367516472,0.0
2805,"Alkali or alkaline-earth metals; rare-earth metals, scandium and yttrium, whethe",15113.0,31450.0,15113.0,1.0,3.0,1.0,1,2.0,1,1,2.0,1,0,0.0,0,-51.945945945945944,-66.66666666666667,-50.0,-50.0,0.0,0.0037518922285706183,0.008771545107670716,0.020403999183840033,0.014322543683758236,0.0
8438,"Machinery n.e.c. in this chapter, for the industrial preparation or manufacture ",15110.0,192892.0,15110.0,4.0,30.0,4.0,2,10.0,2,2,15.0,2,0,0.0,0,-92.16660099952306,-86.66666666666667,-80.0,-86.66666666666667,0.0,0.0037511474607094582,0.035086180430682866,0.040807998367680065,0.028645087367516472,0.0
6212,"Brassieres, girdles, corsets, braces, suspenders, garters and similar articles a",13750.0,0.0,13750.0,2.0,0.0,2.0,1,0.0,1,1,0.0,1,0,0.0,0,1375000.0,200.0,100.0,100.0,0.0,0.003413519363650235,0.017543090215341433,0.020403999183840033,0.014322543683758236,0.0
8542,Electronic integrated circuits,13643.5,34300.9,13643.5,2.0,4.0,2.0,2,29.0,2,1,2.0,1,1,27.0,1,-60.224075753114356,-50.0,-93.10344827586206,-50.0,-96.29629629629629,0.003387080104579053,0.017543090215341433,0.040807998367680065,0.014322543683758236,0.06489292667099286
8503,Electric motors and generators; parts suitable for use solely or principally wit,12732.0,29430.0,12732.0,2.0,3.0,2.0,1,2.0,1,1,2.0,1,0,0.0,0,-56.73802242609582,-33.333333333333336,-50.0,-50.0,0.0,0.0031607948027632575,0.017543090215341433,0.020403999183840033,0.014322543683758236,0.0
4813,"Cigarette paper, whether or not cut to size or in the form of booklets or tubes",12550.0,24748.8,12550.0,1.0,2.0,1.0,1,2.0,1,1,2.0,1,0,0.0,0,-49.290470649081975,-50.0,-50.0,-50.0,0.0,0.0031156122191862146,0.008771545107670716,0.020403999183840033,0.014322543683758236,0.0
8459,"Machine-tools; (including way-type unit head machines) for drilling, boring, mil",11650.0,0.0,11650.0,2.0,0.0,2.0,1,0.0,1,1,0.0,1,0,0.0,0,1165000.0,200.0,100.0,100.0,0.0,0.002892181860838199,0.017543090215341433,0.020403999183840033,0.014322543683758236,0.0
4013,"Inner tubes, of rubber",11188.0,17213.7,11188.0,2.0,2.0,2.0,1,1.0,1,1,1.0,1,0,0.0,0,-35.005257440294656,0.0,0.0,0.0,0.0,0.002777487610219551,0.017543090215341433,0.020403999183840033,0.014322543683758236,0.0
8528,"Monitors and projectors, not incorporating television reception apparatus; recep",11158.35,108565.15000000001,11158.35,3.0,25.0,3.0,2,14.0,2,2,15.0,2,0,0.0,0,-89.72197800122782,-88.0,-85.71428571428571,-86.66666666666667,0.0,0.0027701268211917525,0.026314635323012148,0.040807998367680065,0.028645087367516472,0.0
8523,"Discs, tapes, solid-state non-volatile storage devices, smart cards and other me",10645.0,510960.6,10645.0,2.0,68.0,2.0,1,34.0,1,1,34.0,1,0,0.0,0,-97.91666911303925,-97.05882352941177,-97.05882352941177,-97.05882352941177,0.0,0.0026426846273495818,0.017543090215341433,0.020403999183840033,0.014322543683758236,0.0
7610,Aluminium; structures (excluding prefabricated buildings of heading no. 9406) an,9875.0,74839.0,9875.0,2.0,7.0,2.0,1,4.0,1,1,4.0,1,0,0.0,0,-86.80500808402036,-71.42857142857143,-75.0,-75.0,0.0,0.0024515275429851688,0.017543090215341433,0.020403999183840033,0.014322543683758236,0.0
8516,"Electric water, space, soil heaters; electro-thermic hair-dressing apparatus; ha",9053.0,0.0,9053.0,2.25,0.0,2.25,1,0.0,1,1,0.0,1,0,0.0,0,905300.0,225.0,100.0,100.0,0.0,0.002247461149027315,0.01973597649225911,0.020403999183840033,0.014322543683758236,0.0
8421,"Centrifuges, including centrifugal dryers; filtering or purifying machinery and ",8872.0,39677.0,8872.0,2.25,9.5,2.25,2,17.0,2,1,6.0,1,1,12.0,1,-77.6394384656098,-76.3157894736842,-88.23529411764706,-83.33333333333333,-91.66666666666667,0.0022025268214039915,0.01973597649225911,0.040807998367680065,0.014322543683758236,0.06489292667099286
4015,"Articles of apparel and clothing accessories (including gloves, mittens and mitt",8688.0,11460.0,8688.0,1.0,1.0,1.0,1,1.0,1,1,1.0,1,0,0.0,0,-24.18848167539267,0.0,0.0,0.0,0.0,0.0021568477259195085,0.008771545107670716,0.020403999183840033,0.014322543683758236,0.0
7303,"Tubes, pipes and hollow profiles, of cast iron",7310.0,0.0,7310.0,2.0,0.0,2.0,1,0.0,1,1,0.0,1,0,0.0,0,731000.0,200.0,100.0,100.0,0.0,0.001814751021693325,0.017543090215341433,0.020403999183840033,0.014322543683758236,0.0
8705,Special purpose motor vehicles; not those for the transport of persons or goods ,7166.76,39916.2,7166.76,0.0,0.0,0.0,1,1.0,1,0,0.0,0,1,1.0,1,-82.04548529168608,0.0,0.0,0.0,0.0,0.0017791908388824697,0.0,0.020403999183840033,0.0,0.06489292667099286
3302,Odoriferous substances and mixtures (including alcoholic solutions) with a basis,6480.0,8189.0,6480.0,1.0,2.0,1.0,1,2.0,1,1,2.0,1,0,0.0,0,-20.86945903040664,-50.0,-50.0,-50.0,0.0,0.0016086985801057108,0.008771545107670716,0.020403999183840033,0.014322543683758236,0.0
3822,Reagents; diagnostic or laboratory reagents on a backing and prepared diagnostic,6336.98,47489.42,6336.98,1.0,6.0,1.0,3,61.0,3,1,3.0,1,2,62.0,2,-86.65601727711142,-83.33333333333333,-95.08196721311475,-66.66666666666667,-96.7741935483871,0.0015731930136046739,0.008771545107670716,0.0612119975515201,0.014322543683758236,0.12978585334198572
3307,"Perfumery, cosmetic or toilet preparations; pre-shave, shaving, after-shave, bat",6204.0,12408.0,6204.0,1.0,2.25,1.0,1,1.0,1,1,1.0,1,0,0.0,0,-50.0,-55.55555555555556,0.0,0.0,0.0,0.001540179936878986,0.008771545107670716,0.020403999183840033,0.014322543683758236,0.0
8517,Sugars and sugar confectionery,5426.0,49500.0,5426.0,1.0,6.0,1.0,1,3.0,1,1,3.0,1,0,0.0,0,-89.03838383838384,-83.33333333333333,-66.66666666666667,-66.66666666666667,0.0,0.0013470368048848127,0.008771545107670716,0.020403999183840033,0.014322543683758236,0.0
9503,"Tricycles, scooters, pedal cars and similar wheeled toys; dolls' carriages; doll",4980.0,74350.65,4980.0,2.0,23.0,2.0,1,8.0,1,1,12.0,1,0,0.0,0,-93.3020087921222,-91.30434782608695,-87.5,-91.66666666666667,0.0,0.001236314649525685,0.017543090215341433,0.020403999183840033,0.014322543683758236,0.0
3003,"Medicaments; (not goods of heading no. 3002, 3005 or 3006) of two or more consti",4910.99,57335.04,4910.99,2.0,10.0,2.0,4,52.0,4,1,5.0,1,3,48.0,3,-91.43457473824034,-80.0,-92.3076923076923,-80.0,-93.75,0.0012191825061594668,0.017543090215341433,0.08161599673536013,0.014322543683758236,0.1946787800129786
8302,"Base metal mountings, fittings and similar articles for furniture, doors, stairc",4591.0,0.0,4591.0,1.0,0.0,1.0,1,0.0,1,1,0.0,1,0,0.0,0,459100.0,100.0,100.0,100.0,0.0,0.0011397430835285985,0.008771545107670716,0.020403999183840033,0.014322543683758236,0.0
8903,"Yachts and other vessels; for pleasure or sports, rowing boats and canoes",4536.0,13840.2,4536.0,0.0,0.0,0.0,1,6.0,1,0,0.0,0,1,6.0,1,-67.22590714007023,0.0,-83.33333333333333,0.0,-83.33333333333333,0.0011260890060739975,0.0,0.020403999183840033,0.0,0.06489292667099286
4901,Animals; live,4487.0,83555.0,4487.0,0.0,0.0,0.0,13,146.0,13,0,0.0,0,13,152.0,13,-94.62988450721082,0.0,-91.0958904109589,0.0,-91.44736842105263,0.0011139244643417166,0.0,0.26525198938992045,0.0,0.8436080467229072
8422,"Dish washing machines; machinery for cleaning, drying, filling, closing, sealing",3947.01,40206.7,3947.01,3.0,10.0,3.0,1,2.0,1,3,5.0,3,0,0.0,0,-90.18320329696294,-70.0,-50.0,-40.0,0.0,0.0009798687318924447,0.026314635323012148,0.020403999183840033,0.042967631051274706,0.0
8461,"Machine-tools; for planing, shaping, slotting, broaching, gear cutting and grind",3945.4,3304.6,3945.4,1.0,1.0,1.0,1,1.0,1,1,1.0,1,0,0.0,0,19.391151727894457,0.0,0.0,0.0,0.0,0.0009794690398069554,0.008771545107670716,0.020403999183840033,0.014322543683758236,0.0
6702,"Flowers, foliage and fruit, artificial, and parts thereof; articles made of arti",3080.0,6120.0,3080.0,2.0,2.0,2.0,1,1.0,1,1,1.0,1,0,0.0,0,-49.673202614379086,0.0,0.0,0.0,0.0,0.0007646283374576527,0.017543090215341433,0.020403999183840033,0.014322543683758236,0.0
8515,Animal or vegetable fats and oils and their cleavage products; prepared animal f,1859.47,0.0,1859.47,1.0,0.0,1.0,2,0.0,2,1,0.0,1,1,0.0,1,185947.0,100.0,200.0,100.0,100.0,0.00046162449826376016,0.008771545107670716,0.040807998367680065,0.014322543683758236,0.06489292667099286
8501,Electric motors and generators (excluding generating sets),1756.47,0.0,1756.47,1.0,0.0,1.0,2,0.0,2,1,0.0,1,1,0.0,1,175647.0,100.0,200.0,100.0,100.0,0.0004360541350305984,0.008771545107670716,0.040807998367680065,0.014322543683758236,0.06489292667099286
9705,Animal originated products; not elsewhere specified or included,1591.0,11227.0,1591.0,0.0,0.0,0.0,9,65.0,9,0,0.0,0,9,65.0,9,-85.82880555802976,0.0,-86.15384615384616,0.0,-86.15384615384616,0.0003949752223685472,0.0,0.1836359926545603,0.0,0.5840363400389358
8517,"Telephone sets, including telephones for cellular networks or for other wireless",980.0,207082.21999999997,980.0,1.0,44.0,1.0,1,14.0,1,1,27.0,1,0,0.0,0,-99.52675801910951,-97.72727272727273,-92.85714285714286,-96.29629629629629,0.0,0.00024329083464561676,0.008771545107670716,0.020403999183840033,0.014322543683758236,0.0
9611,"Stamps; date, numbering, sealing stamps and the like (including devices for prin",776.0,4142.0,776.0,0.0,0.0,0.0,1,7.0,1,0,0.0,0,1,7.0,1,-81.26508932882665,0.0,-85.71428571428571,0.0,-85.71428571428571,0.00019264662008673327,0.0,0.020403999183840033,0.0,0.06489292667099286
8443,"Printing machinery; used for printing by means of plates, cylinders and other pr",570.0,8228.0,570.0,0.0,2.25,0.0,1,3.0,1,0,1.0,0,1,2.0,1,-93.07243558580457,-100.0,-66.66666666666667,-100.0,-50.0,0.00014150589362040973,0.0,0.020403999183840033,0.0,0.06489292667099286
3507,Enzymes; prepared enzymes not elsewhere specified or included,235.0,11565.94,235.0,0.0,1.0,0.0,1,1.0,1,0,1.0,0,1,0.0,1,-97.96817206383571,-100.0,0.0,-100.0,100.0,5.8340149124204014e-05,0.0,0.020403999183840033,0.0,0.06489292667099286
3002,"Human blood; animal blood for therapeutic, prophylactic or diagnostic uses; anti",217.0,14113.0,217.0,0.0,0.0,0.0,1,15.0,1,0,0.0,0,1,16.0,1,-98.46241054347055,0.0,-93.33333333333333,0.0,-93.75,5.387154195724371e-05,0.0,0.020403999183840033,0.0,0.06489292667099286
7309,"Reservoirs, tanks, vats and similar containers; for any material (excluding comp",1.0,60110.22,1.0,0.0,8.0,0.0,1,4.0,1,0,5.0,0,1,1.0,1,-99.99833638938603,-100.0,-75.0,-100.0,0.0,2.482559537200171e-07,0.0,0.020403999183840033,0.0,0.06489292667099286
8609,Containers; (including containers for transport of fluids) specially designed an,0.0,0.0,0.0,60.0,138.0,60.0,1,2.0,1,30,69.0,30,0,0.0,0,0.0,-56.52173913043478,-50.0,-56.52173913043478,0.0,0.0,0.526292706460243,0.020403999183840033,0.4296763105127471,0.0
