Port_of_Origin,Period_kg,Prior_kg,YoY_Pct_kg,Share_kg,Period_teu,Prior_teu,YoY_Pct_teu,Share_teu,Period_shipment,Prior_shipment,YoY_Pct_shipment,Share_shipment,Period_container,Prior_container,YoY_Pct_container,Share_container,Period_vrac,Prior_vrac,YoY_Pct_vrac,Share_vrac,country
ST CROIX,526378215.8,403620434.0,30.414164264042192,12.864595425286696,20.0,0.0,0.0,0.019709093775868186,185,143.0,29.37062937062937,0.426051310395652,10,0.0,0.0,0.017018959120460194,184,143.0,28.671328671328673,1.4744771215642278,US VIRGIN ISLANDS
NEW ORLEANS - LA,385103034.64,292121830.66,31.829597866727248,9.411853661467134,512.5,324.5,57.93528505392912,0.5050455280066223,191,140.0,36.42857142857142,0.4398691907328082,250,155.0,61.29032258064516,0.4254739780115048,56,43.0,30.23255813953488,0.4487539065630259,USA
HOUSTON - TX,302378010.38,287902502.38,5.027920174481118,7.390067925075103,2938.0,2199.25,33.59099693077185,2.8952658756750362,598,457.0,30.85339168490153,1.3771820736032427,1890,1299.0,45.49653579676674,3.216583273766976,41,50.0,-18.0,0.3285519673050725,USA
ISKENDERUN,294238498.9,214997548.43,36.856676296380954,7.191139627880025,33.25,90.0,-63.05555555555556,0.032766368402380855,26,34.0,-23.52941176470588,0.059877481461010545,26,56.0,-53.57142857142857,0.044249293713196504,16,14.0,14.285714285714285,0.12821540187515024,TURKEY
PORT EVERGLADES - FL,221830855.27,442749247.13,-49.89695483211831,5.421508945913861,12811.75,9009.75,42.198729154527044,12.62539910914896,9745,4984.0,95.52568218298555,22.44254064759799,6643,4558.0,45.74374725756911,11.305694543721707,4395,1531.0,187.06727629000653,35.219168202580335,USA
RIO HAINA,193845627.12,63383056.37,205.83193399261447,4.737554657480912,1288.5,725.25,77.66287487073423,1.2697583665103078,505,268.0,88.43283582089553,1.1630049283773203,549,346.0,58.67052023121387,0.9343408557132646,99,18.0,450.0,0.7933327991024922,DOMINICAN REPUBLIC
HALONG,149162540.38,56999403.8,161.69140453360322,3.6455075020159864,0.0,0.0,0.0,0.0,37,13.0,184.6153846153846,0.08521026207913039,0,0.0,0.0,0.0,37,13.0,184.6153846153846,0.29649811683628496,VIETNAM
ALEXANDRIA,131725427.68,76052629.8,73.20298854412528,3.219347388361396,109.0,18.0,505.55555555555554,0.1074145610784816,35,18.0,94.44444444444444,0.08060430196674497,72,14.0,414.28571428571433,0.12253650566731338,17,11.0,54.54545454545454,0.13622886449234714,EGYPT
DARROW - LA,105826776.0,69057115.0,53.24528978657739,2.58638867935165,0.0,0.0,0.0,0.0,47,26.0,80.76923076923077,0.10824006264105754,0,0.0,0.0,0.0,47,26.0,80.76923076923077,0.37663274300825383,USA
MIAMI - FL,86617335.81,79230948.09,9.322604232388656,2.1169131787080455,7021.5,5654.0,24.186416696144324,6.919370097362923,10065,9881.0,1.8621597004351786,23.17949426557966,3814,2976.0,28.158602150537636,6.4910310085435174,7080,8728.0,-18.881759853345553,56.73531532975399,USA
ISTANBUL,79420020.43,126058787.63,-36.997632673488205,1.9410119963782015,48.5,28.5,70.17543859649122,0.04779455240648035,38,36.0,5.555555555555555,0.0875132421353231,22,19.0,15.789473684210526,0.03744171006501242,20,26.0,-23.076923076923077,0.16026925234393782,TURKEY
DAMIETTA,76358998.14,162288185.6,-52.948516949837654,1.866201124334825,172.25,48.5,255.15463917525773,0.16974457014466474,44,49.0,-10.204081632653061,0.1013311224724794,90,31.0,190.3225806451613,0.15317063208414172,16,37.0,-56.75675675675676,0.12821540187515024,EGYPT
NINGBO,72840115.5,42957543.11,69.56303882063428,1.7802002220295043,8125.5,4711.25,72.47015123374901,8.007312073790846,2725,1553.0,75.46683837733418,6.275620653125144,4085,2372.0,72.21753794266442,6.952244800707989,1,1.0,0.0,0.00801346261719689,CHINA
TIANJIN,70446978.88,21284023.38,230.98525416109555,1.7217123638894258,2878.0,1316.75,118.56844503512436,2.8361385943474318,637,303.0,110.23102310231023,1.4669982957947585,2159,828.0,160.7487922705314,3.6743932741073557,3,0.0,0.0,0.024040387851590673,CHINA
COLON,69995425.56,11644154.72,501.1207102888788,1.7106764763842481,502.75,163.5,207.49235474006116,0.4954373447908865,198,83.0,138.55421686746988,0.45599005112615726,251,84.0,198.80952380952382,0.42717587392355083,11,3.0,266.66666666666663,0.0881480887891658,PANAMA
QASIM,63270722.62,117799327.11,-46.28940234869225,1.546325862924959,723.0,408.0,77.20588235294117,0.7124837399976349,101,72.0,40.27777777777778,0.23260098567546403,645,358.0,80.16759776536313,1.0977228632696825,42,49.0,-14.285714285714285,0.3365654299222694,PAKISTAN
DUMAI,60903718.0,54317898.0,12.124585527959864,1.4884766664877451,0.0,0.0,0.0,0.0,81,67.0,20.8955223880597,0.1865413845516098,0,0.0,0.0,0.0,81,67.0,20.8955223880597,0.6490904719929482,INDONESIA
SAN PEDRO DE MACORIS,58239986.0,116450371.0,-49.987290293819676,1.4233755025854569,0.0,0.0,0.0,0.0,74,91.0,-18.681318681318682,0.17042052415826078,0,0.0,0.0,0.0,74,91.0,-18.681318681318682,0.5929962336725699,DOMINICAN REPUBLIC
CALLAO,56219320.85,45938315.09,22.380023603081604,1.3739907847828434,2812.0,2420.75,16.162346380254053,2.771098584887067,597,415.0,43.855421686746986,1.3748790935470498,2494,2135.0,16.814988290398126,4.2445284046427725,0,0.0,0.0,0.0,PERU
QINGDAO,53225113.76,35514008.67,49.87075735260836,1.3008128650358557,4323.5,2738.0,57.9072315558802,4.260613346998305,1270,820.0,54.87804878048781,2.9247846713647463,2337,1486.0,57.267833109017495,3.977330746451547,1,0.0,0.0,0.00801346261719689,CHINA
BUENAVENTURA,49804885.19,65432947.26,-23.88408703019501,1.217223051676682,3046.0,3973.5,-23.342141688687555,3.0016949820647247,324,343.0,-5.539358600583091,0.7461655382064392,2013,2661.0,-24.351747463359636,3.4259164709486365,0,0.0,0.0,0.0,COLOMBIA
ASBAS,43563590.0,40822096.24,6.715710393416087,1.0646868426561227,0.0,0.0,0.0,0.0,5,4.0,25.0,0.011514900280963566,0,0.0,0.0,0.0,5,4.0,25.0,0.040067313085984456,TURKEY
KARACHI,42283281.0,25196458.89,67.81437893553144,1.0333963051491308,4.5,476.5,-99.05561385099685,0.004434546099570342,9,27.0,-66.66666666666666,0.020726820505734423,2,464.0,-99.56896551724138,0.0034037918240920387,7,7.0,0.0,0.056094238320378235,PAKISTAN
PUERTO QUETZAL,42247385.91,28823509.24,46.57266593816041,1.0325190351619933,1321.0,421.5,213.4045077105575,1.3017856438960937,104,55.0,89.0909090909091,0.23950992584404218,802,304.0,163.8157894736842,1.3649205214609075,30,22.0,36.36363636363637,0.24040387851590675,GUATEMALA
PORT SAID,38837782.03,635156.5,6014.679142856918,0.9491888874467738,160.75,36.0,346.52777777777777,0.15841184122354054,62,12.0,416.6666666666667,0.14278476348394822,77,23.0,234.7826086956522,0.1310459852275435,3,0.0,0.0,0.024040387851590673,EGYPT
SANTOS,38046243.58,48061359.6,-20.83818706618529,0.9298438203122372,2169.75,2809.5,-22.770955686065136,2.1381903110094997,443,420.0,5.476190476190476,1.020220164893372,1442,1813.0,-20.463320463320464,2.4541339051703597,2,2.0,0.0,0.01602692523439378,BRAZIL
ALIAGA,33987959.14,17014582.38,99.75782173737962,0.8306600283652451,25.25,14.25,77.19298245614034,0.024882730892033585,21,12.0,75.0,0.04836258118004698,20,12.0,66.66666666666666,0.03403791824092039,7,5.0,40.0,0.056094238320378235,TURKEY
MUNDRA,29581518.86,14935337.53,98.06394599774406,0.722967366005096,1754.75,928.25,89.03851333153784,1.729226615160235,440,277.0,58.844765342960294,1.013311224724794,1232,613.0,100.97879282218598,2.096735763640696,0,5.0,-100.0,0.0,INDIA
CAUCEDO,29249062.83,22116755.73,32.248432758722686,0.7148421963186058,2992.75,2472.5,21.041456016177957,2.9492195198864755,1014,726.0,39.66942148760331,2.3352217769794112,1670,1269.0,31.599684791174155,2.842166173116852,6,0.0,0.0,0.048080775703181346,DOMINICAN REPUBLIC
WILLEMSTAD,28936083.0,6271620.0,361.3813177456542,0.707193021697833,7.0,8.0,-12.5,0.006898182821553866,12,5.0,140.0,0.02763576067431256,4,4.0,0.0,0.0068075836481840775,8,1.0,700.0,0.06410770093757512,NETHERLAND ANTILLES
SHANGHAI,28315061.18,16383777.91,72.82376101251728,0.6920153524387945,2751.0,1830.25,50.307335063515914,2.710985848870669,863,653.0,32.159264931087286,1.9874717884943116,1452,928.0,56.46551724137932,2.47115286429082,5,11.0,-54.54545454545454,0.040067313085984456,CHINA
ROTTERDAM,27758365.939999998,21533777.07,28.906163789871524,0.678409814020191,1834.5,1412.25,29.899097185342537,1.8078166265915092,410,296.0,38.513513513513516,0.9442218230390124,1303,1030.0,26.50485436893204,2.217570373395963,0,0.0,0.0,0.0,NETHERLANDS
NHAVA SHEVA,27190906.77,21031310.82,29.287741514154465,0.6645412069553563,2214.5,1702.25,30.09252459979439,2.182289408333005,611,375.0,62.93333333333333,1.407120814333748,1157,882.0,31.179138321995463,1.9690935702372445,0,0.0,0.0,0.0,INDIA
YANTIAN,26193380.67,14315998.5,82.96579641301305,0.6401618361579524,2690.0,1423.0,89.03724525650036,2.6508731128542706,1001,488.0,105.12295081967213,2.305283036248906,1406,744.0,88.97849462365592,2.392865652336703,1,6.0,-83.33333333333334,0.00801346261719689,CHINA
MOBILE - AL,25522987.01,18562246.65,37.49944977700209,0.6237775273991454,13.5,6.0,125.0,0.013303638298711026,32,27.0,18.51851851851852,0.07369536179816683,6,3.0,100.0,0.010211375472276116,30,26.0,15.384615384615385,0.24040387851590675,USA
XIAMEN,25316853.69,18433413.44,37.34218989014332,0.6187396635858778,2585.0,1878.25,37.62811127379209,2.547400370530963,563,412.0,36.650485436893206,1.2965777716364975,1445,1079.0,33.92029657089898,2.459239592906498,0,0.0,0.0,0.0,CHINA
PARANAGUA,24357707.64,18080366.95,34.71910004569902,0.5952982947817781,1829.5,1094.75,67.11577985841515,1.8028893531475423,684,395.0,73.16455696202532,1.575238358435816,879,569.0,54.48154657293497,1.4959665066884509,1,3.0,-66.66666666666666,0.00801346261719689,BRAZIL
PUERTO CORTES,24306955.61,30524177.39,-20.368187815724134,0.5940579236695926,1617.75,1851.0,-12.601296596434361,1.5942193227955377,130,243.0,-46.50205761316872,0.29938740730505276,996,1288.0,-22.67080745341615,1.695088328397835,0,0.0,0.0,0.0,HONDURAS
BELAWAN,23196213.45,27863246.12,-16.749780875854395,0.5669115713295894,1001.0,1181.0,-15.241320914479257,0.9864401434822028,113,135.0,-16.296296296296298,0.2602367463497766,920,1101.0,-16.439600363306088,1.5657442390823377,0,0.0,0.0,0.0,INDONESIA
ACAJUTLA,22906015.93,22096639.31,3.662894654001578,0.5598191925491575,127.0,292.0,-56.5068493150685,0.12515274547676297,22,20.0,10.0,0.0506655612362397,87,287.0,-69.68641114982579,0.14806494434800366,6,4.0,50.0,0.048080775703181346,EL SALVADOR
NANSHA,19047705.87,8183666.73,132.75270729408112,0.46552274095346124,1839.5,822.25,123.71541501976284,1.8127439000354764,726,340.0,113.52941176470588,1.6719635207959098,928,416.0,123.07692307692308,1.579359406378706,0,0.0,0.0,0.0,CHINA
ANTWERP,18581589.7,14709767.13,26.32144027694066,0.454130939833575,1492.0,1206.25,23.68911917098446,1.4702983956797666,307,230.0,33.47826086956522,0.7070148772511631,749,628.0,19.26751592356688,1.2747200381224684,0,0.0,0.0,0.0,BELGIUM
CARTAGENA,18047054.99,49808306.26,-63.766977146755124,0.441067001056261,1416.25,284.75,397.36611062335385,1.395650203003666,458,102.0,349.01960784313724,1.0547648657362627,808,163.0,395.7055214723926,1.3751318969331836,1,9.0,-88.88888888888889,0.00801346261719689,COLOMBIA
LE HAVRE,15099094.49,16354563.31,-7.676565837941657,0.36901934022252436,1597.0,1702.25,-6.182993097371126,1.5737711380030748,585,594.0,-1.5151515151515151,1.3472433328727373,743,774.0,-4.0051679586563305,1.2645086626501922,0,0.0,0.0,0.0,FRANCE
IZMIR,12456110.86,72473600.03999999,-82.81289896855523,0.304425263007664,76.0,67.0,13.432835820895523,0.0748945563482991,14,23.0,-39.130434782608695,0.032241720786697986,34,49.0,-30.612244897959183,0.057864461009564654,2,6.0,-66.66666666666666,0.01602692523439378,TURKEY
NEW YORK,12409417.55,21898466.03,-43.332023654078746,0.30328408633243903,1624.25,1485.75,9.321891300689886,1.600624778272695,751,777.0,-3.346203346203346,1.7295380222007277,832,724.0,14.917127071823206,1.4159773988222881,3,138.0,-97.82608695652173,0.024040387851590673,USA
SAVANNAH - GA,12038930.540000001,11674191.67,3.124317985435312,0.2942294458649751,1020.0,1009.5,1.040118870728083,1.0051637825692774,294,302.0,-2.6490066225165565,0.6770761365206577,479,458.0,4.585152838427948,0.8152081418700432,4,0.0,0.0,0.03205385046878756,USA
MANZANILLO - PA,11934571.88,4923718.47,142.38940452661586,0.2916789376947526,1186.25,675.25,75.67567567567568,1.168995624581182,461,312.0,47.756410256410255,1.061673805904841,686,342.0,100.58479532163742,1.1675005956635693,17,11.0,54.54545454545454,0.13622886449234714,PANAMA
KOLKATA,11149645.85,12526232.469999999,-10.98963014854537,0.2724954769974293,536.0,547.0,-2.010968921389397,0.5282037131932674,49,54.0,-9.25925925925926,0.11284602275344296,429,482.0,-10.995850622406639,0.7301133462677423,0,0.0,0.0,0.0,INDIA
PASIR GUDANG,11048168.7,524563.36,2006.1647729265726,0.27001539244895106,112.0,26.0,330.7692307692308,0.11037092514486185,43,12.0,258.33333333333337,0.09902814241628667,106,24.0,341.66666666666663,0.18040096667687805,12,0.0,0.0,0.09616155140636269,MALAYSIA
KAOHSIUNG,10888272.8,11239033.22,-3.1209127434183337,0.2661075634356705,637.0,738.0,-13.685636856368562,0.6277346367614017,69,55.0,25.454545454545453,0.15890562387729723,593,575.0,3.130434782608696,1.0092242758432894,0,0.0,0.0,0.0,TAIWAN
JAKARTA,10449099.870000001,8885920.99,17.5916360471713,0.25537425058836527,568.0,501.5,13.260219341974079,0.5597382632346565,119,125.0,-4.8,0.2740546266869329,420,399.0,5.263157894736842,0.7147962830593281,0,0.0,0.0,0.0,INDONESIA
SUAPE,10091864.33,1256854.21,702.9462963727512,0.24664347382806714,42.5,75.5,-43.70860927152318,0.04188182427371989,27,34.0,-20.588235294117645,0.06218046151720326,32,46.0,-30.434782608695656,0.05446066918547262,11,0.0,0.0,0.0881480887891658,BRAZIL
KUALA TANJUNG,9999422.0,8498844.0,17.6562600748996,0.2443841987670477,0.0,0.0,0.0,0.0,12,11.0,9.090909090909092,0.02763576067431256,0,0.0,0.0,0.0,12,11.0,9.090909090909092,0.09616155140636269,INDONESIA
ITAJAI,9987378.94,1431227.57,597.8190714981824,0.244089868397872,782.75,106.0,638.4433962264151,0.7713646576530411,369,48.0,668.75,0.8497996407351112,379,53.0,615.0943396226415,0.6450185506654412,0,0.0,0.0,0.0,BRAZIL
HONG KONG,9068396.61,495020.55,1731.923262579705,0.22163009418310992,39.0,58.5,-33.33333333333333,0.038432732862942964,24,27.0,-11.11111111111111,0.05527152134862512,20,29.0,-31.03448275862069,0.03403791824092039,4,0.0,0.0,0.03205385046878756,HONG KONG
HAZIRA,8712536.23,11628389.16,-25.075295381669182,0.21293292610287118,406.0,545.5,-25.572868927589365,0.4000946036501241,76,71.0,7.042253521126761,0.1750264842706462,368,491.0,-25.050916496945007,0.626297695632935,0,0.0,0.0,0.0,INDIA
SANTO THOMAS,8466791.8,2943662.76,187.6277783940169,0.20692697339610328,241.5,226.25,6.740331491712707,0.23798730734360835,60,44.0,36.36363636363637,0.1381788033715628,179,136.0,31.61764705882353,0.30463936825623744,6,0.0,0.0,0.048080775703181346,GUATEMALA
NORFOLK - VA,7347378.92,4118223.7800000003,78.41135675244922,0.17956871011165407,614.75,341.75,79.88295537673739,0.6058082699357483,192,121.0,58.67768595041323,0.44217217078900095,297,169.0,75.7396449704142,0.5054630858776678,0,0.0,0.0,0.0,USA
HAIPHONG,7019382.72,10085429.18,-30.400753456086438,0.17155253792333797,556.0,602.0,-7.641196013289036,0.5479128069691356,120,133.0,-9.774436090225564,0.2763576067431256,346,439.0,-21.184510250569478,0.5888559855679227,0,0.0,0.0,0.0,VIETNAM
CORINTO,6872622.8,43596011.0,-84.23566137736776,0.16796575006096792,32.0,135.0,-76.29629629629629,0.031534550041389095,16,52.0,-69.23076923076923,0.03684768089908341,32,100.0,-68.0,0.05446066918547262,7,43.0,-83.72093023255815,0.056094238320378235,NICARAGUA
HALDIA,5303640.4,283834.0,1768.5712071140174,0.1296200830110525,216.0,11.0,1863.6363636363637,0.21285821277937642,25,2.0,1150.0,0.05757450140481783,204,11.0,1754.5454545454547,0.34718676605738796,0,0.0,0.0,0.0,INDIA
PORT KLANG,5250187.59,6627240.93,-20.778682328665543,0.12831370528805036,308.0,340.0,-9.411764705882353,0.3035200441483701,79,90.0,-12.222222222222221,0.18193542443922436,222,296.0,-25.0,0.3778208924742163,0,0.0,0.0,0.0,MALAYSIA
BUSAN,5055055.47,6177633.19,-18.17164738458679,0.12354470896007105,477.5,582.0,-17.9553264604811,0.47055461389885295,172,194.0,-11.34020618556701,0.3961125696651467,270,315.0,-14.285714285714285,0.45951189625242517,0,3.0,-100.0,0.0,SOUTH KOREA
RIO GRANDE,4937286.51,3501865.28,40.99018994814101,0.1206664553040869,401.5,267.75,49.95331465919701,0.39566005755055383,140,116.0,20.689655172413794,0.32241720786697986,187,131.0,42.74809160305343,0.31825453555260563,0,0.0,0.0,0.0,BRAZIL
SURABAYA,4849728.3,6727960.29,-27.916811470954745,0.1185265473177726,287.0,381.5,-24.770642201834864,0.28282549568370846,64,53.0,20.754716981132077,0.14739072359633365,196,271.0,-27.67527675276753,0.33357159876101977,0,0.0,0.0,0.0,INDONESIA
PARAMARIBO,4214500.0,0.0,0.0,0.10300167406713334,196.0,0.0,0.0,0.1931491190035082,22,0.0,0.0,0.0506655612362397,161,0.0,0.0,0.2740052418394091,0,0.0,0.0,0.0,SURINAME
WILMINGTON - NC,4181167.29,468470.79000000004,792.5139793667819,0.10218702821799483,302.0,36.0,738.8888888888889,0.2976073160156096,87,14.0,521.4285714285714,0.2003592648887661,149,17.0,776.4705882352941,0.25358249089485685,0,0.0,0.0,0.0,USA
SAINT JOHN,3777189.03,2950896.55,28.00140452229679,0.09231386721034797,572.5,511.75,11.871030776746458,0.5641728093342269,275,225.0,22.22222222222222,0.6333195154529961,287,234.0,22.64957264957265,0.48844412675720755,0,0.0,0.0,0.0,CANADA
ALTAMIRA,3746949.6,5743114.92,-34.7575374654004,0.09157482060628203,385.0,465.5,-17.293233082706767,0.3794000551854626,114,105.0,8.571428571428571,0.26253972640596934,216,265.0,-18.49056603773585,0.36760951700194017,2,1.0,100.0,0.01602692523439378,MEXICO
HALIFAX,3728797.52,2663881.17,39.97612063153703,0.09113118681157316,510.5,272.75,87.16773602199817,0.5030746186290355,212,133.0,59.3984962406015,0.4882317719128553,257,148.0,73.64864864864865,0.4373872493958269,0,0.0,0.0,0.0,CANADA
IMBITUBA,3620384.26,5658905.43,-36.02324151227245,0.0884815848965001,284.0,485.75,-41.53371075656202,0.27986913161732824,120,179.0,-32.960893854748605,0.2763576067431256,141,219.0,-35.61643835616438,0.2399673235984887,0,0.0,0.0,0.0,BRAZIL
VALENCIA,3593303.3,3483252.8,3.1594175421318837,0.08781973077018736,241.0,222.75,8.19304152637486,0.2374945799992116,81,65.0,24.615384615384617,0.1865413845516098,166,154.0,7.792207792207792,0.2825147213996392,0,0.0,0.0,0.0,SPAIN
MERSIN,3382856.79,3080095.79,9.829596890556445,0.08267645331578334,225.25,205.0,9.878048780487806,0.22197366865071544,57,51.0,11.76470588235294,0.13126986320298467,173,146.0,18.493150684931507,0.29442799278396137,0,0.0,0.0,0.0,TURKEY
DALIAN,3146465.32,1755976.0,79.18612327275542,0.07689908538478547,185.0,97.25,90.23136246786633,0.18230911742678071,64,39.0,64.1025641025641,0.14739072359633365,148,81.0,82.71604938271605,0.25188059498281085,0,0.0,0.0,0.0,CHINA
SHEKOU,3029567.72,4035384.63,-24.924932868171222,0.07404212762124766,332.5,438.25,-24.13006274957216,0.3276636840238086,123,170.0,-27.647058823529413,0.2832665469117038,176,233.0,-24.463519313304722,0.2995336805200994,0,0.0,0.0,0.0,CHINA
BRIDGETOWN,3005103.0,0.0,0.0,0.07344421396231215,0.0,0.0,0.0,0.0,1,0.0,0.0,0.0023029800561927133,0,0.0,0.0,0.0,1,0.0,0.0,0.00801346261719689,BARBADOS
HO CHI MINH,2992718.55,1470001.17,103.58613388042406,0.07314154007871962,256.0,140.5,82.20640569395017,0.25227640033111276,64,46.0,39.130434782608695,0.14739072359633365,136,76.0,78.94736842105263,0.23145784403825861,0,0.0,0.0,0.0,VIETNAM
PUERTO MOIN,2938121.31,1952384.21,50.48888917207541,0.07180719267821066,362.25,248.25,45.9214501510574,0.35698096101541255,60,50.0,20.0,0.1381788033715628,171,132.0,29.545454545454547,0.2910242009598693,1,1.0,0.0,0.00801346261719689,COSTA RICA
BUENOS AIRES,2598188.62,1220114.02,112.94637856878327,0.06349929467366827,175.25,68.5,155.83941605839416,0.172700934211045,33,21.0,57.14285714285714,0.07599834185435954,104,48.0,116.66666666666667,0.17699717485278602,0,0.0,0.0,0.0,ARGENTINA
CHARLESTON - SC,2567004.13,2959889.43,-13.273647860555393,0.06273715096150081,188.0,241.5,-22.15320910973085,0.18526548149316094,75,74.0,1.3513513513513513,0.17272350421445348,94,109.0,-13.761467889908257,0.15997821573232582,0,0.0,0.0,0.0,USA
GDANSK,2538732.66,2598027.18,-2.282290210682092,0.062046200970199646,180.0,180.5,-0.2770083102493075,0.17738184398281368,72,73.0,-1.36986301369863,0.16581456404587538,93,97.0,-4.123711340206185,0.1582763198202798,0,0.0,0.0,0.0,POLAND
VERACRUZ,2503308.69,2611509.82,-4.143240403361757,0.061180445076949225,297.75,278.25,7.008086253369273,0.2934191335882376,104,77.0,35.064935064935064,0.23950992584404218,149,140.0,6.428571428571428,0.25358249089485685,0,0.0,0.0,0.0,MEXICO
JEBEL ALI,2380036.65,4640840.07,-48.715391737255025,0.058167697067536335,246.25,241.75,1.861427094105481,0.24266821711537703,95,76.0,25.0,0.21878310533830778,130,122.0,6.557377049180328,0.22124646856598248,0,0.0,0.0,0.0,UNITED ARAB EMIRATES
BILBAO,2319092.6,1080952.91,114.54150116493051,0.056678234693724246,92.0,57.0,61.40350877192983,0.09066183136899365,11,8.0,37.5,0.02533278061811985,90,46.0,95.65217391304348,0.15317063208414172,0,0.0,0.0,0.0,SPAIN
PERAWANG,1989283.24,0.0,0.0,0.0486177491787142,154.0,0.0,0.0,0.15176002207418504,11,0.0,0.0,0.02533278061811985,77,0.0,0.0,0.1310459852275435,0,0.0,0.0,0.0,INDONESIA
PUERTO BARRIOS,1782179.08,9929170.37,-82.05107764708443,0.0435561581984633,156.5,659.5,-76.26990144048523,0.15422365879616856,36,67.0,-46.26865671641791,0.08290728202293769,89,331.0,-73.1117824773414,0.15146873617209572,0,2.0,-100.0,0.0,GUATEMALA
PORT OF SPAIN,1766175.81,1849081.09,-4.483593523743192,0.04316504096022665,244.0,255.75,-4.594330400782014,0.24045094406559184,27,25.0,8.0,0.06218046151720326,110,126.0,-12.698412698412698,0.18720855032506212,0,0.0,0.0,0.0,TRINIDAD AND TOBAGO
ITAPOA,1733212.63,1756966.41,-1.3519768997746535,0.04235942636239149,137.0,160.0,-14.374999999999998,0.13500729236469708,57,65.0,-12.307692307692308,0.13126986320298467,70,65.0,7.6923076923076925,0.11913271384322134,0,0.0,0.0,0.0,BRAZIL
JIUJIANG,1635249.41,737081.22,121.85471093674045,0.039965221674526534,214.0,65.0,229.23076923076923,0.2108873034017896,86,24.0,258.33333333333337,0.19805628483257334,108,41.0,163.41463414634146,0.18380475850097008,0,0.0,0.0,0.0,CHINA
GEBZE,1582192.26,633752.51,149.6545946618815,0.038668513815650986,66.0,39.0,69.23076923076923,0.065040009460365,23,16.0,43.75,0.052968541292432406,64,30.0,113.33333333333333,0.10892133837094524,0,0.0,0.0,0.0,TURKEY
SAMSUN,1563445.0,721590.0,116.66666666666667,0.03821033392143535,65.0,30.0,116.66666666666667,0.06405455477157161,12,9.0,33.33333333333333,0.02763576067431256,65,30.0,116.66666666666667,0.11062323428299124,0,0.0,0.0,0.0,TURKEY
KINGSTON,1555011.26,761145.64,104.29878045415855,0.03800421472849504,112.5,78.5,43.31210191082803,0.11086365248925854,61,46.0,32.608695652173914,0.1404817834277555,75,45.0,66.66666666666666,0.12764219340345145,10,15.0,-33.33333333333333,0.08013462617196891,JAMAICA
PORT-AU-PRINCE,1509255.3800000001,95588.87,1478.9028367005492,0.03688594868544963,138.0,14.25,868.421052631579,0.1359927470534905,17,8.0,112.5,0.039150660955276126,77,7.0,1000.0,0.1310459852275435,0,1.0,-100.0,0.0,HAITI
BOSTON - MA,1467671.92,1058970.3,38.594247638484276,0.03586965588831979,143.0,95.0,50.526315789473685,0.14092002049745753,42,26.0,61.53846153846154,0.09672516236009396,72,48.0,50.0,0.12253650566731338,0,0.0,0.0,0.0,USA
DAKAR,1458355.99,1114962.5,30.79865825083803,0.03564197611954718,105.0,89.0,17.97752808988764,0.10347274232330797,26,16.0,62.5,0.059877481461010545,53,41.0,29.268292682926827,0.09020048333843902,0,0.0,0.0,0.0,SENEGAL
FUZHOU,1415949.75,669458.6,111.50669361779804,0.034605574717033794,85.0,46.25,83.78378378378379,0.08376364854743978,30,23.0,30.434782608695656,0.0690894016857814,60,33.0,81.81818181818183,0.10211375472276116,0,0.0,0.0,0.0,CHINA
SAN ANTONIO,1403544.85,660001.34,112.65787884612479,0.03430240103886666,89.0,74.5,19.463087248322147,0.08770546730261342,32,30.0,6.666666666666667,0.07369536179816683,68,40.0,70.0,0.11572892201912931,0,0.0,0.0,0.0,CHILE
TUTICORIN,1400330.88,1728636.76,-18.992184338368467,0.034223852150409774,164.0,197.25,-16.856780735107733,0.16161456896211912,56,56.0,0.0,0.12896688314679194,75,91.0,-17.582417582417584,0.12764219340345145,0,0.0,0.0,0.0,INDIA
VITORIA,1392777.0,829120.0,67.98255982246238,0.034039236588492054,122.0,67.0,82.08955223880598,0.12022547203279592,17,9.0,88.88888888888889,0.039150660955276126,51,31.0,64.51612903225806,0.08679669151434699,0,0.0,0.0,0.0,BRAZIL
ENNORE,1362729.23,538063.09,153.26569603575672,0.03330487412272288,168.75,69.25,143.68231046931407,0.16629547873388784,74,24.0,208.33333333333334,0.17042052415826078,85,33.0,157.57575757575756,0.14466115252391162,0,0.0,0.0,0.0,INDIA
NAVEGANTES,1250628.35,7657867.65,-83.66871292167083,0.03056514739252978,97.5,620.75,-84.29319371727748,0.09608183215735741,34,280.0,-87.85714285714286,0.07830132191055225,53,290.0,-81.72413793103448,0.09020048333843902,0,0.0,0.0,0.0,BRAZIL
LAEM CHABANG,1209165.28,1047574.88,15.425188507765672,0.02955179690683451,191.0,146.75,30.153321976149915,0.1882218455595412,46,31.0,48.38709677419355,0.10593708258486481,99,71.0,39.436619718309856,0.16848769529255592,0,0.0,0.0,0.0,THAILAND
PISCO,1159400.0,1736182.0,-33.22128670842112,0.028335541799367515,106.0,136.0,-22.058823529411764,0.10445819701210138,41,64.0,-35.9375,0.09442218230390124,41,64.0,-35.9375,0.0697777323938868,0,0.0,0.0,0.0,PERU
SHANTOU,1159317.23,727866.54,59.27607140726649,0.028333518914431567,162.0,109.5,47.94520547945205,0.1596436595845323,56,33.0,69.6969696969697,0.12896688314679194,85,54.0,57.407407407407405,0.14466115252391162,0,0.0,0.0,0.0,CHINA
VIGO,1148277.06,187720.44,511.695274100146,0.02806369900887083,106.5,17.0,526.4705882352941,0.10495092435649808,22,9.0,144.44444444444443,0.0506655612362397,53,9.0,488.8888888888889,0.09020048333843902,0,0.0,0.0,0.0,SPAIN
GAOMING,1132206.12,181450.0,523.9769192615047,0.02767092792716898,41.0,7.0,485.71428571428567,0.04040364224052978,7,3.0,133.33333333333331,0.016120860393348993,41,7.0,485.71428571428567,0.0697777323938868,0,0.0,0.0,0.0,CHINA
CHONGQING,1128124.89,386691.3,191.73785135584893,0.027571183349578983,222.0,58.5,279.48717948717945,0.21877094091213686,76,24.0,216.66666666666666,0.1750264842706462,78,21.0,271.42857142857144,0.13274788113958952,17,7.0,142.85714285714286,0.13622886449234714,CHINA
AGADIR,1065458.0,483559.99,120.3362606571317,0.026039615054744277,74.0,34.25,116.05839416058394,0.07292364697071228,22,8.0,175.0,0.0506655612362397,37,17.0,117.64705882352942,0.06297014874570271,0,0.0,0.0,0.0,MOROCCO
SAN JUAN - PR,1032212.58,96010.2,975.1072073592181,0.025227102558584596,70.5,14.5,386.2068965517241,0.06947455555993536,19,7.0,171.42857142857142,0.04375662106766155,59,9.0,555.5555555555555,0.10041185881071513,0,0.0,0.0,0.0,PUERTO RICO
GEORGETOWN,989300.0,6225628.0,-84.10923363875902,0.024178326291283664,39.0,271.0,-85.60885608856088,0.038432732862942964,5,27.0,-81.48148148148148,0.011514900280963566,39,236.0,-83.47457627118644,0.06637394056979476,0,0.0,0.0,0.0,GUYANA
BREMERHAVEN,989258.59,868823.37,13.86187620620748,0.02417731423781988,77.0,74.0,4.054054054054054,0.07588001103709252,37,36.0,2.7777777777777777,0.08521026207913039,41,37.0,10.81081081081081,0.0697777323938868,0,0.0,0.0,0.0,GERMANY
POINT LISAS,909984.49,16813300.18,-94.58771044198416,0.022239868512309066,64.0,51.5,24.271844660194176,0.06306910008277819,39,21.0,85.71428571428571,0.08981622219151582,50,29.0,72.41379310344827,0.08509479560230097,0,5.0,-100.0,0.0,TRINIDAD AND TOBAGO
NOUADHIBOU,888812.0,574425.0,54.73073073073073,0.021722416403121822,88.0,40.0,120.0,0.08672001261382002,7,4.0,75.0,0.016120860393348993,31,20.0,55.00000000000001,0.052758773273426596,0,0.0,0.0,0.0,MAURITANIA
BARCELONA,872473.44,3169396.19,-72.47193510382809,0.021323104733446577,62.5,171.75,-63.6098981077147,0.06159091804958808,41,55.0,-25.454545454545453,0.09442218230390124,42,125.0,-66.4,0.07147962830593281,0,0.0,0.0,0.0,SPAIN
CALDERA,857653.64,448015.0,91.43413501780074,0.020960911303777557,62.0,25.0,148.0,0.061098190705191374,11,7.0,57.14285714285714,0.02533278061811985,49,24.0,104.16666666666667,0.08339289969025494,0,0.0,0.0,0.0,COSTA RICA
DUNKERQUE,857076.0,944710.0,-9.276285844333183,0.02094679387893282,78.0,82.25,-5.167173252279635,0.07686546572588593,33,36.0,-8.333333333333332,0.07599834185435954,33,36.0,-8.333333333333332,0.05616256509751864,0,0.0,0.0,0.0,FRANCE
GDYNIA,856526.66,864301.7,-0.8995747665427387,0.02093336810134781,77.25,68.0,13.602941176470587,0.07612637470929087,35,25.0,40.0,0.08060430196674497,37,31.0,19.35483870967742,0.06297014874570271,0,0.0,0.0,0.0,POLAND
CASABLANCA,847243.4,1545448.0,-45.17813604857621,0.020706486781902924,34.0,60.0,-43.333333333333336,0.03350545941897591,5,3.0,66.66666666666666,0.011514900280963566,34,60.0,-43.333333333333336,0.057864461009564654,0,0.0,0.0,0.0,MOROCCO
OAKLAND - CA,842473.37,665461.4299999999,26.599879725561266,0.020589908047687608,63.25,53.75,17.674418604651162,0.062330009066183134,21,16.0,31.25,0.04836258118004698,40,28.0,42.857142857142854,0.06807583648184078,0,0.0,0.0,0.0,USA
SEMARANG,841024.7,335288.0,150.83650473622677,0.020554502795541246,58.0,22.0,163.63636363636365,0.05715637195001774,17,8.0,112.5,0.039150660955276126,30,12.0,150.0,0.05105687736138058,0,0.0,0.0,0.0,INDONESIA
HAMBURG,829486.94,6273115.34,-86.77711320385193,0.020272521873727318,109.75,138.25,-20.61482820976492,0.10815365209507666,44,66.0,-33.33333333333333,0.1013311224724794,67,74.0,-9.45945945945946,0.1140270261070833,0,6.0,-100.0,0.0,GERMANY
TEKIRDAG,782884.6,79135.26000000001,889.2993338241384,0.019133568490064787,51.0,9.0,466.6666666666667,0.05025818912846387,24,5.0,380.0,0.05527152134862512,37,5.0,640.0,0.06297014874570271,0,0.0,0.0,0.0,TURKEY
JIANGMEN,757394.36,527647.7,43.541677524605916,0.018510591294104886,78.0,85.25,-8.504398826979472,0.07686546572588593,35,34.0,2.941176470588235,0.08060430196674497,38,39.0,-2.564102564102564,0.06467204465774873,0,0.0,0.0,0.0,CHINA
RIO DE JANEIRO,732375.0,294140.0,148.98857686815802,0.017899122326472124,52.0,22.0,136.36363636363635,0.05124364381725728,18,4.0,350.0,0.041453641011468846,26,11.0,136.36363636363635,0.044249293713196504,0,0.0,0.0,0.0,BRAZIL
ABIDJAN,727364.01,461671.02,57.55028548250657,0.017776654570217845,68.75,39.5,74.0506329113924,0.06775000985454689,25,10.0,150.0,0.05757450140481783,36,19.0,89.47368421052632,0.06126825283365669,0,0.0,0.0,0.0,IVORY COAST
CHENNAI,703852.73,1328242.11,-47.008702351712074,0.01720204282518021,71.0,151.0,-52.980132450331126,0.06996728290433206,26,54.0,-51.85185185185185,0.059877481461010545,36,78.0,-53.84615384615385,0.06126825283365669,0,0.0,0.0,0.0,INDIA
DUBLIN,676365.0,398652.0,69.66301435838777,0.016530247308201837,54.0,37.0,45.94594594594595,0.053214553194844104,24,14.0,71.42857142857143,0.05527152134862512,27,16.0,68.75,0.04595118962524252,0,0.0,0.0,0.0,IRELAND
JACKSONVILLE - FL,665264.74,309664.5,114.8340348990601,0.01625895881310623,60.75,38.0,59.86842105263158,0.059866372344199614,12,10.0,20.0,0.02763576067431256,29,18.0,61.111111111111114,0.04935498144933456,0,0.0,0.0,0.0,USA
FREDRIKSTAD,642724.0,379912.0,69.17707258523026,0.015708066903102197,51.25,28.25,81.41592920353983,0.050504552800662225,24,14.0,71.42857142857143,0.05527152134862512,24,14.0,71.42857142857143,0.04084550188910446,0,0.0,0.0,0.0,NORWAY
QINZHOU,609398.74,1091207.71,-44.153735863908075,0.014893603130715798,44.0,74.0,-40.54054054054054,0.04336000630691001,16,26.0,-38.46153846153847,0.03684768089908341,23,41.0,-43.90243902439025,0.03914360597705844,0,0.0,0.0,0.0,CHINA
HELSINGBORG,606953.0,564193.01,7.5789648652329085,0.014833829654779637,48.5,43.5,11.494252873563218,0.04779455240648035,23,21.0,9.523809523809524,0.052968541292432406,24,21.0,14.285714285714285,0.04084550188910446,0,0.0,0.0,0.0,SWEDEN
PIPAVAV,594246.51,1095401.64,-45.75081063417067,0.014523285167529125,54.0,108.5,-50.23041474654379,0.053214553194844104,17,24.0,-29.166666666666668,0.039150660955276126,28,55.0,-49.09090909090909,0.04765308553728854,0,0.0,0.0,0.0,INDIA
ZHONGSHAN,593003.34,289705.98,104.69143923090576,0.014492902300961312,157.0,75.0,109.33333333333333,0.15471638614056527,40,25.0,60.0,0.09211920224770853,79,38.0,107.89473684210526,0.13444977705163552,0,0.0,0.0,0.0,CHINA
BASSENS,572134.55,321723.68,77.83414326231754,0.013982872568904023,69.0,34.5,100.0,0.06799637352674524,31,17.0,82.35294117647058,0.07139238174197411,46,19.0,142.10526315789474,0.07828721195411688,0,0.0,0.0,0.0,FRANCE
KATTUPALLI,557960.23,1043337.27,-46.52158548884198,0.013636454562316467,86.0,145.0,-40.689655172413794,0.0847491032362332,39,63.0,-38.095238095238095,0.08981622219151582,43,75.0,-42.66666666666667,0.07318152421797883,0,0.0,0.0,0.0,INDIA
CAI MEP,548835.41,731761.6,-24.99805811072895,0.01341344548993273,50.0,76.0,-34.21052631578947,0.04927273443967046,12,26.0,-53.84615384615385,0.02763576067431256,25,40.0,-37.5,0.04254739780115049,0,0.0,0.0,0.0,VIETNAM
SAN VICENTE - CL,525670.0,190542.0,175.88143296491063,0.012847286749761534,39.5,13.75,187.27272727272728,0.03892546020733967,9,3.0,200.0,0.020726820505734423,19,7.0,171.42857142857142,0.032336022328874364,0,0.0,0.0,0.0,CHILE
PORT OF COLOMBO,521664.0,2450.0,21192.408163265307,0.012749380780770444,20.0,2.0,900.0,0.019709093775868186,2,2.0,0.0,0.004605960112385427,20,2.0,900.0,0.03403791824092039,0,0.0,0.0,0.0,SRI LANKA
BALTIMORE - MD,509697.09,168036.64,203.32497126817103,0.01245691150483956,76.5,17.5,337.14285714285717,0.07538728369269582,36,10.0,260.0,0.08290728202293769,42,10.0,320.0,0.07147962830593281,0,0.0,0.0,0.0,USA
PAITA,503910.0,429970.0,17.196548596413702,0.012315475994582789,37.5,33.75,11.11111111111111,0.036954550829752845,18,16.0,12.5,0.041453641011468846,18,16.0,12.5,0.030634126416828344,0,0.0,0.0,0.0,PERU
PHILADELPHIA - PA,502943.04,280165.82,79.51620222623872,0.012291843654149533,56.0,30.25,85.12396694214877,0.05518546257243093,31,18.0,72.22222222222221,0.07139238174197411,31,18.0,72.22222222222221,0.052758773273426596,0,0.0,0.0,0.0,USA
NANJING,492177.51,861599.79,-42.876319642557014,0.012028735904186322,116.0,214.0,-45.794392523364486,0.11431274390003549,24,52.0,-53.84615384615385,0.05527152134862512,58,110.0,-47.27272727272727,0.09870996289866912,0,0.0,0.0,0.0,CHINA
GUAYAQUIL,482618.82,238113.04,102.68475006660702,0.011795123121676236,65.5,32.25,103.10077519379846,0.06454728211596832,25,13.0,92.3076923076923,0.05757450140481783,34,17.0,100.0,0.057864461009564654,0,0.0,0.0,0.0,ECUADOR
KEELUNG,479335.0,65453.42,632.3299531178051,0.011714867110919291,23.0,10.0,130.0,0.022665457842248413,4,4.0,0.0,0.009211920224770853,22,5.0,340.0,0.03744171006501242,0,0.0,0.0,0.0,TAIWAN
WUHAN,458009.99,317922.21,44.0635399458251,0.011193687438479297,40.0,29.0,37.93103448275862,0.03941818755173637,12,9.0,33.33333333333333,0.02763576067431256,21,14.0,50.0,0.035739814152966405,0,0.0,0.0,0.0,CHINA
TANJUNG PELEPAS,439955.12,816637.82,-46.126041529646514,0.010752429439887658,39.0,64.0,-39.0625,0.038432732862942964,9,9.0,0.0,0.020726820505734423,21,37.0,-43.24324324324324,0.035739814152966405,0,0.0,0.0,0.0,MALAYSIA
CHORNOMORSK,422897.95,666396.0,-36.539542554277034,0.010335555062180294,32.0,51.0,-37.254901960784316,0.031534550041389095,6,15.0,-60.0,0.01381788033715628,16,24.0,-33.33333333333333,0.02723033459273631,0,0.0,0.0,0.0,UKRAINE
LAS PALMAS,417929.61,0.0,0.0,0.010214129664782096,18.0,0.0,0.0,0.017738184398281367,4,0.0,0.0,0.009211920224770853,17,0.0,0.0,0.028932230504782327,0,0.0,0.0,0.0,SPAIN
DURBAN,412799.11,246406.8,67.52748300777414,0.010088741104145859,28.0,22.0,27.27272727272727,0.027592731286215463,11,10.0,10.0,0.02533278061811985,19,12.0,58.333333333333336,0.032336022328874364,0,0.0,0.0,0.0,SOUTH AFRICA
LIVORNO,402759.0,666688.23,-39.58810402277538,0.009843362497474091,25.25,60.75,-58.43621399176955,0.024882730892033585,7,22.0,-68.18181818181817,0.016120860393348993,20,40.0,-50.0,0.03403791824092039,0,0.0,0.0,0.0,ITALY
LONDON,398197.76,493786.6,-19.358330096442465,0.009731886555886247,44.5,46.25,-3.783783783783784,0.04385273365130671,23,24.0,-4.166666666666666,0.052968541292432406,36,27.0,33.33333333333333,0.06126825283365669,0,0.0,0.0,0.0,UNITED KINGDOM
ALGECIRAS,382729.67,448334.75,-14.63305710744037,0.009353849027206429,125.0,150.0,-16.666666666666664,0.12318183609917616,46,29.0,58.620689655172406,0.10593708258486481,74,79.0,-6.329113924050633,0.12594029749140542,0,0.0,0.0,0.0,SPAIN
COCHIN,360544.73,210176.48,71.54380452084837,0.008811652809605549,24.0,15.0,60.0,0.02365091253104182,16,5.0,220.00000000000003,0.03684768089908341,16,9.0,77.77777777777779,0.02723033459273631,0,0.0,0.0,0.0,INDIA
AD DAMMAM,358344.0,39280.0,812.2810590631364,0.008757867337029974,18.0,3.0,500.0,0.017738184398281367,4,2.0,100.0,0.009211920224770853,17,2.0,750.0,0.028932230504782327,0,0.0,0.0,0.0,SAUDI ARABIA
AARHUS,353991.4,234615.04,50.88180195097467,0.008651490522094726,34.25,20.25,69.1358024691358,0.03375182309117427,13,5.0,160.0,0.029938740730505273,16,16.0,0.0,0.02723033459273631,0,0.0,0.0,0.0,DENMARK
SINGAPORE,342857.32,19006.0,1703.9425444596443,0.008379375471864002,30.0,3.0,900.0,0.02956364066380228,8,2.0,300.0,0.018423840449541706,16,2.0,700.0,0.02723033459273631,0,0.0,0.0,0.0,SINGAPORE
GENOA,322842.31,392578.47,-17.763623155391066,0.007890211979997726,42.5,52.5,-19.047619047619047,0.04188182427371989,19,26.0,-26.923076923076923,0.04375662106766155,23,28.0,-17.857142857142858,0.03914360597705844,0,0.0,0.0,0.0,ITALY
LOS ANGELES - CA,310812.51,977376.84,-68.19931706177937,0.007596205683000978,45.25,70.75,-36.042402826855124,0.04459182466790177,27,29.0,-6.896551724137931,0.06218046151720326,29,32.0,-9.375,0.04935498144933456,1,1.0,0.0,0.00801346261719689,USA
LA SPEZIA,308879.87,622908.28,-50.41326629981544,0.007548972285120066,45.0,54.0,-16.666666666666664,0.04434546099570342,18,24.0,-25.0,0.041453641011468846,28,30.0,-6.666666666666667,0.04765308553728854,0,0.0,0.0,0.0,ITALY
MONTREAL,306313.48,174718950.4,-99.82468216567308,0.007486250143392896,45.25,36.25,24.82758620689655,0.04459182466790177,11,28.0,-60.71428571428571,0.02533278061811985,24,19.0,26.31578947368421,0.04084550188910446,0,10.0,-100.0,0.0,CANADA
ODESSA,305431.5,0.0,0.0,0.0074646946999254084,26.0,0.0,0.0,0.02562182190862864,11,0.0,0.0,0.02533278061811985,11,0.0,0.0,0.01872085503250621,0,0.0,0.0,0.0,UKRAINE
OSAKA,291172.04,0.0,0.0,0.007116195885998887,16.0,0.0,0.0,0.015767275020694548,3,0.0,0.0,0.00690894016857814,15,0.0,0.0,0.02552843868069029,0,0.0,0.0,0.0,JAPAN
NAGOYA,278440.0,125827.99,121.28621779621528,0.006805026961028024,22.0,24.0,-8.333333333333332,0.021680003153455005,12,16.0,-25.0,0.02763576067431256,12,12.0,0.0,0.02042275094455223,6,11.0,-45.45454545454545,0.048080775703181346,JAPAN
TANGIER,274986.48,159396.2,72.51758824865333,0.006720623510695996,26.0,14.5,79.3103448275862,0.02562182190862864,12,7.0,71.42857142857143,0.02763576067431256,12,7.0,71.42857142857143,0.02042275094455223,0,0.0,0.0,0.0,MOROCCO
YOKOHAMA,269853.09,188587.18,43.09195884895253,0.006595164318943836,83.25,28.0,197.32142857142858,0.08203910284205132,17,17.0,0.0,0.039150660955276126,43,15.0,186.66666666666666,0.07318152421797883,0,7.0,-100.0,0.0,JAPAN
FOS-SUR-MER,254108.81,223064.7,13.91708773284163,0.006210376752926115,49.25,56.0,-12.053571428571429,0.04853364342307541,10,7.0,42.857142857142854,0.023029800561927133,27,29.0,-6.896551724137931,0.04595118962524252,0,0.0,0.0,0.0,FRANCE
PROGRESO,249199.99,25170.0,890.0675009932459,0.00609040601435826,11.0,1.0,1000.0,0.010840001576727503,4,1.0,300.0,0.009211920224770853,10,1.0,900.0,0.017018959120460194,0,0.0,0.0,0.0,MEXICO
LIANYUNGANG,228866.8,899466.6,-74.55527531539249,0.005593466256587446,46.0,112.0,-58.92857142857143,0.04533091568449683,22,22.0,0.0,0.0506655612362397,23,65.0,-64.61538461538461,0.03914360597705844,0,0.0,0.0,0.0,CHINA
LEIXOES,218400.0,0.0,0.0,0.00533765941778667,16.0,0.0,0.0,0.015767275020694548,3,0.0,0.0,0.00690894016857814,8,0.0,0.0,0.013615167296368155,0,0.0,0.0,0.0,PORTUGAL
CHITTAGONG,212850.0,106425.0,100.0,0.005202018347417091,20.0,10.0,100.0,0.019709093775868186,3,2.0,50.0,0.00690894016857814,10,5.0,100.0,0.017018959120460194,0,0.0,0.0,0.0,BANGLADESH
TORONTO,211350.1,172653.0,22.413221895941575,0.005165361042651806,16.0,2.0,700.0,0.015767275020694548,2,4.0,-50.0,0.004605960112385427,8,1.0,700.0,0.013615167296368155,0,3.0,-100.0,0.0,CANADA
CORONEL,207403.0,26147.0,693.2191073545722,0.005068894579794912,13.0,2.0,550.0,0.01281091095431432,6,1.0,500.0,0.01381788033715628,8,1.0,700.0,0.013615167296368155,0,0.0,0.0,0.0,CHILE
HUTCHISON PORTS SOHAR,205590.69,218601.28,-5.951744655840989,0.005024602026958607,18.25,20.75,-12.048192771084338,0.01798454807047972,5,6.0,-16.666666666666664,0.011514900280963566,9,10.0,-10.0,0.015317063208414172,0,0.0,0.0,0.0,OMAN
PENANG,203343.8,125723.82,61.73848360636829,0.0049696884117148765,18.0,12.0,50.0,0.017738184398281367,9,7.0,28.57142857142857,0.020726820505734423,9,7.0,28.57142857142857,0.015317063208414172,0,0.0,0.0,0.0,MALAYSIA
NAPOLI,197818.0,379471.5,-47.87012990435382,0.004834638785291774,17.0,31.75,-46.45669291338583,0.016752729709487955,9,16.0,-43.75,0.020726820505734423,9,17.0,-47.05882352941176,0.015317063208414172,0,0.0,0.0,0.0,ITALY
MANILA,196328.5,0.0,0.0,0.004798235654784479,20.0,0.0,0.0,0.019709093775868186,4,0.0,0.0,0.009211920224770853,10,0.0,0.0,0.017018959120460194,0,0.0,0.0,0.0,PHILIPPINES
HUANGPU,195985.7,217635.0,-9.947526822432048,0.004789857680203814,20.0,18.0,11.11111111111111,0.019709093775868186,7,7.0,0.0,0.016120860393348993,10,9.0,11.11111111111111,0.017018959120460194,0,0.0,0.0,0.0,CHINA
IZMIT,194420.03,0.0,0.0,0.004751592967655069,14.0,0.0,0.0,0.013796365643107732,1,0.0,0.0,0.0023029800561927133,7,0.0,0.0,0.011913271384322134,0,0.0,0.0,0.0,TURKEY
DERINCE,192149.02000000002,0.0,0.0,0.004696089863651462,7.0,0.0,0.0,0.006898182821553866,1,0.0,0.0,0.0023029800561927133,7,0.0,0.0,0.011913271384322134,0,0.0,0.0,0.0,TURKEY
VALPARAISO - CL,188325.39,823181.62,-77.12225523208353,0.004602640986913221,21.0,52.0,-59.61538461538461,0.020694548464661598,10,11.0,-9.090909090909092,0.023029800561927133,11,41.0,-73.17073170731707,0.01872085503250621,0,0.0,0.0,0.0,CHILE
GEMLIK,176744.64,202370.96,-12.663042167710218,0.004319609396700158,25.0,30.0,-16.666666666666664,0.02463636721983523,7,5.0,40.0,0.016120860393348993,13,15.0,-13.333333333333334,0.022124646856598252,0,0.0,0.0,0.0,TURKEY
VUNG TAU,166441.22,225320.31,-26.1312839486152,0.004067795537733072,39.0,23.0,69.56521739130434,0.038432732862942964,19,9.0,111.11111111111111,0.04375662106766155,20,11.0,81.81818181818183,0.03403791824092039,0,0.0,0.0,0.0,VIETNAM
VENICE,158590.0,0.0,0.0,0.0038759130360200914,12.0,0.0,0.0,0.01182545626552091,6,0.0,0.0,0.01381788033715628,6,0.0,0.0,0.010211375472276116,0,0.0,0.0,0.0,ITALY
JINGZHOU,153550.8,82085.1,87.06293834081944,0.0037527558320910137,10.0,6.0,66.66666666666666,0.009854546887934093,6,3.0,100.0,0.01381788033715628,6,3.0,100.0,0.010211375472276116,0,0.0,0.0,0.0,CHINA
MARSEILLE,153013.3,89475.17,71.01202490031591,0.0037396194221227886,34.0,20.0,70.0,0.03350545941897591,13,7.0,85.71428571428571,0.029938740730505273,20,10.0,100.0,0.03403791824092039,0,0.0,0.0,0.0,FRANCE
BARRANQUILLA,144996.38,249602.85,-41.90916489935912,0.00354368724016472,16.75,34.0,-50.73529411764706,0.016506366037289607,6,14.0,-57.14285714285714,0.01381788033715628,8,18.0,-55.55555555555556,0.013615167296368155,0,0.0,0.0,0.0,COLOMBIA
AL AQABAH,137240.0,82940.0,65.46901374487581,0.0033541226121659457,5.0,3.0,66.66666666666666,0.0049272734439670465,1,2.0,-50.0,0.0023029800561927133,5,3.0,66.66666666666666,0.008509479560230097,0,0.0,0.0,0.0,JORDAN
PECEM,130274.94,55434.01,135.00904949867416,0.003183897712420299,48.0,22.0,118.18181818181819,0.04730182506208364,6,2.0,200.0,0.01381788033715628,24,11.0,118.18181818181819,0.04084550188910446,0,0.0,0.0,0.0,BRAZIL
PHILIPSBURG,128230.0,101330.0,26.546925885719926,0.0031339197213497466,20.0,13.0,53.84615384615385,0.019709093775868186,7,6.0,16.666666666666664,0.016120860393348993,7,6.0,16.666666666666664,0.011913271384322134,0,0.0,0.0,0.0,NETHERLANDS ANTILLES
NOT AVAILABLE,127218.05,238980.96,-46.76644951129161,0.0031091878328523607,25.0,68.0,-63.23529411764706,0.02463636721983523,5,6.0,-16.666666666666664,0.011514900280963566,8,13.0,-38.46153846153847,0.013615167296368155,0,0.0,0.0,0.0,NOT AVAILABLE
MONTEVIDEO,126708.39,254755.07,-50.26266209343744,0.0030967318278209074,12.25,10.5,16.666666666666664,0.012071819937719263,8,25.0,-68.0,0.018423840449541706,8,7.0,14.285714285714285,0.013615167296368155,0,18.0,-100.0,0.0,URUGUAY
BEIRUT,116000.0,64433.0,80.0319711948846,0.0028350205698866927,9.0,4.0,125.0,0.008869092199140683,8,4.0,100.0,0.018423840449541706,8,4.0,100.0,0.013615167296368155,0,0.0,0.0,0.0,LEBANON
AMBARLI,114107.01,570778.7,-80.00853745943918,0.0027887562113643664,16.0,65.5,-75.57251908396947,0.015767275020694548,7,26.0,-73.07692307692307,0.016120860393348993,8,33.0,-75.75757575757575,0.013615167296368155,0,0.0,0.0,0.0,TURKEY
DA-NANG,113303.61,51350.96,120.64555365664052,0.0027691212499346514,10.0,4.0,150.0,0.009854546887934093,4,1.0,300.0,0.009211920224770853,5,2.0,150.0,0.008509479560230097,0,0.0,0.0,0.0,VIETNAM
RIGA,110847.04,114997.0,-3.6087550110002926,0.002709083090612526,37.0,7.0,428.57142857142856,0.03646182348535614,4,1.0,300.0,0.009211920224770853,20,4.0,400.0,0.03403791824092039,0,0.0,0.0,0.0,LATVIA
ABU DHABI,105100.0,0.0,0.0,0.0025686263956473396,5.0,0.0,0.0,0.0049272734439670465,1,0.0,0.0,0.0023029800561927133,5,0.0,0.0,0.008509479560230097,0,0.0,0.0,0.0,SAUDI ARABIA
SANSHUI,104495.39,10294.5,915.060372043324,0.0025538498285201054,7.0,2.0,250.0,0.006898182821553866,2,1.0,100.0,0.004605960112385427,5,1.0,400.0,0.008509479560230097,0,0.0,0.0,0.0,CHINA
YICHANG,104190.0,82080.0,26.937134502923975,0.002546386148073229,8.0,4.0,100.0,0.007883637510347274,3,2.0,50.0,0.00690894016857814,5,4.0,25.0,0.008509479560230097,0,0.0,0.0,0.0,CHINA
LA GUAIRA,102013.0,87133.0,17.077341535353998,0.0024931806327228552,16.0,13.0,23.076923076923077,0.015767275020694548,4,3.0,33.33333333333333,0.009211920224770853,8,7.0,14.285714285714285,0.013615167296368155,0,0.0,0.0,0.0,VENEZUELA
GAOLAN,101579.0,0.0,0.0,0.002482573745418279,12.0,0.0,0.0,0.01182545626552091,2,0.0,0.0,0.004605960112385427,6,0.0,0.0,0.010211375472276116,0,0.0,0.0,0.0,CHINA
SEATTLE - WA,100992.13,285608.41000000003,-64.63965119234409,0.0024682307409195775,20.0,38.0,-47.368421052631575,0.019709093775868186,10,9.0,11.11111111111111,0.023029800561927133,10,15.0,-33.33333333333333,0.017018959120460194,0,0.0,0.0,0.0,USA
YANGZHOU,98330.6,1108086.0,-91.12608588142076,0.002403183393528452,10.0,37.0,-72.97297297297297,0.009854546887934093,5,7.0,-28.57142857142857,0.011514900280963566,5,37.0,-86.48648648648648,0.008509479560230097,0,2.0,-100.0,0.0,CHINA
GOTHENBURG,96232.91,10270.0,837.0293086660176,0.0023519162012935763,10.0,1.0,900.0,0.009854546887934093,5,1.0,400.0,0.011514900280963566,5,1.0,400.0,0.008509479560230097,0,0.0,0.0,0.0,SWEDEN
BEIJIAO,90371.83,108059.51,-16.36846215571401,0.002208672387830201,24.0,28.0,-14.285714285714285,0.02365091253104182,12,13.0,-7.6923076923076925,0.02763576067431256,12,14.0,-14.285714285714285,0.02042275094455223,0,0.0,0.0,0.0,CHINA
AELESUND,90080.0,193930.0,-53.55025009023875,0.002201540111512011,6.0,15.5,-61.29032258064516,0.005912728132760455,3,7.0,-57.14285714285714,0.00690894016857814,3,7.0,-57.14285714285714,0.005105687736138058,0,0.0,0.0,0.0,NORWAY
GIBRALTAR,87428.58,0.0,0.0,0.002136739850827451,32.0,0.0,0.0,0.031534550041389095,4,0.0,0.0,0.009211920224770853,16,0.0,0.0,0.02723033459273631,0,0.0,0.0,0.0,UNITED KINGDOM
POINTE A PITRE,82503.0,310976.0,-73.46965682239144,0.002016359500666912,9.0,27.5,-67.27272727272727,0.008869092199140683,5,29.0,-82.75862068965517,0.011514900280963566,5,15.0,-66.66666666666666,0.008509479560230097,0,14.0,-100.0,0.0,GUADELOUPE
OSLO,81761.4,175734.2,-53.47439485313616,0.001998234920885636,6.75,16.75,-59.70149253731343,0.006651819149355513,3,7.0,-57.14285714285714,0.00690894016857814,3,7.0,-57.14285714285714,0.005105687736138058,0,0.0,0.0,0.0,NORWAY
PORT OF SINES,80523.9,49381.0,63.06656406310118,0.0019679906281680954,9.0,5.0,80.0,0.008869092199140683,6,3.0,100.0,0.01381788033715628,6,3.0,100.0,0.010211375472276116,0,0.0,0.0,0.0,PORTUGAL
BURGAS,73499.03,0.0,0.0,0.001796303982040682,4.0,0.0,0.0,0.003941818755173637,2,0.0,0.0,0.004605960112385427,4,0.0,0.0,0.0068075836481840775,0,0.0,0.0,0.0,BULGARIA
FREDERICIA,70407.0,85219.9,-17.381972989876772,0.0017207352867587276,8.0,7.5,6.666666666666667,0.007883637510347274,5,5.0,0.0,0.011514900280963566,6,5.0,20.0,0.010211375472276116,0,0.0,0.0,0.0,DENMARK
KOBE,70123.0,47252.0,48.40218403453822,0.0017137943743290047,9.0,6.0,50.0,0.008869092199140683,3,3.0,0.0,0.00690894016857814,5,3.0,66.66666666666666,0.008509479560230097,0,0.0,0.0,0.0,JAPAN
NANCHANG,62649.96,0.0,0.0,0.0015311545284705044,24.0,0.0,0.0,0.02365091253104182,1,0.0,0.0,0.0023029800561927133,12,0.0,0.0,0.02042275094455223,0,0.0,0.0,0.0,CHINA
TEMA,59728.0,0.0,0.0,0.0014597423155016586,6.0,0.0,0.0,0.005912728132760455,3,0.0,0.0,0.00690894016857814,4,0.0,0.0,0.0068075836481840775,0,0.0,0.0,0.0,GHANA
COPENHAGEN,59405.0,111567.3,-46.754111643823954,0.001451848249604474,12.25,26.5,-53.77358490566038,0.012071819937719263,5,7.0,-28.57142857142857,0.011514900280963566,6,14.0,-57.14285714285714,0.010211375472276116,0,0.0,0.0,0.0,DENMARK
JEDDAH,58944.0,28500.0,106.82105263157895,0.0014405814868224242,4.0,2.25,77.77777777777779,0.003941818755173637,3,1.0,200.0,0.00690894016857814,3,1.0,200.0,0.005105687736138058,0,0.0,0.0,0.0,SAUDI ARABIA
LISBOA,58160.0,0.0,0.0,0.00142142065814319,5.0,0.0,0.0,0.0049272734439670465,2,0.0,0.0,0.004605960112385427,3,0.0,0.0,0.005105687736138058,0,0.0,0.0,0.0,PORTUGAL
MANZANILLO - MX,57323.7,1097006.02,-94.77453186628821,0.0014009816262242568,7.0,154.75,-95.47657512116317,0.006898182821553866,3,45.0,-93.33333333333333,0.00690894016857814,4,69.0,-94.20289855072464,0.0068075836481840775,0,0.0,0.0,0.0,MEXICO
BANJUL,56000.0,0.0,0.0,0.0013686306199453,4.0,0.0,0.0,0.003941818755173637,1,0.0,0.0,0.0023029800561927133,2,0.0,0.0,0.0034037918240920387,0,0.0,0.0,0.0,THE GAMBIA
TALLINN,54080.0,108160.0,-50.0,0.0013217061415471754,4.25,8.75,-51.42857142857142,0.004188182427371989,2,4.0,-50.0,0.004605960112385427,2,4.0,-50.0,0.0034037918240920387,0,0.0,0.0,0.0,ESTONIA
VANCOUVER,51172.89,322055.19,-84.11052155377467,0.00125065686009094,4.0,29.0,-86.20689655172413,0.003941818755173637,2,11.0,-81.81818181818183,0.004605960112385427,2,12.0,-83.33333333333334,0.0034037918240920387,0,0.0,0.0,0.0,CANADA
XIAOCHAN BEACH,51033.0,0.0,0.0,0.0012472379719226515,2.0,0.0,0.0,0.0019709093775868184,1,0.0,0.0,0.0023029800561927133,2,0.0,0.0,0.0034037918240920387,0,0.0,0.0,0.0,CHINA
SALVADOR,50605.92,100609.35,-49.70057951870279,0.0012368002082589688,2.0,5.0,-60.0,0.0019709093775868184,1,3.0,-66.66666666666666,0.0023029800561927133,2,4.0,-50.0,0.0034037918240920387,0,0.0,0.0,0.0,BRAZIL
FELIXSTOWE,49540.0,51480.0,-3.7684537684537687,0.00121074930200161,4.0,4.0,0.0,0.003941818755173637,2,2.0,0.0,0.004605960112385427,2,2.0,0.0,0.0034037918240920387,0,0.0,0.0,0.0,UNITED KINGDOM
RIJEKA,49194.14,13958.98,252.41930284304445,0.0012022965415334978,4.0,2.25,77.77777777777779,0.003941818755173637,2,1.0,100.0,0.004605960112385427,2,1.0,100.0,0.0034037918240920387,0,0.0,0.0,0.0,CROATIA
NASSAU,48335.0,22000.0,119.70454545454545,0.0011812993038402872,6.0,2.25,166.66666666666669,0.005912728132760455,3,1.0,200.0,0.00690894016857814,3,1.0,200.0,0.005105687736138058,0,0.0,0.0,0.0,CARIBBEAN
BARI,46541.0,0.0,0.0,0.0011374542443370393,7.0,0.0,0.0,0.006898182821553866,3,0.0,0.0,0.00690894016857814,6,0.0,0.0,0.010211375472276116,0,0.0,0.0,0.0,ITALY
HEFEI,44600.0,0.0,0.0,0.0010900165294564354,14.0,0.0,0.0,0.013796365643107732,2,0.0,0.0,0.004605960112385427,7,0.0,0.0,0.011913271384322134,0,0.0,0.0,0.0,CHINA
HELSINKI,43376.490000000005,70868.7,-38.79316256683133,0.0010601141499955555,3.25,6.5,-50.0,0.00320272773857858,2,4.0,-50.0,0.004605960112385427,2,4.0,-50.0,0.0034037918240920387,0,0.0,0.0,0.0,FINLAND
PANAMA CITY - AIR,41538.1,15698.13,164.60540204470215,0.001015184206327676,0.0,0.0,0.0,0.0,26,5.0,420.0,0.059877481461010545,0,0.0,0.0,0.0,26,5.0,420.0,0.20835002804711916,PANAMA
LONG BEACH - CA,41465.0,40139.69,3.301744482829831,0.0010133976545719976,4.0,5.0,-20.0,0.003941818755173637,2,3.0,-33.33333333333333,0.004605960112385427,2,3.0,-33.33333333333333,0.0034037918240920387,0,0.0,0.0,0.0,USA
CONSTANTA,40322.09,245276.0,-83.56052365498459,0.000985465125610539,4.5,19.0,-76.31578947368422,0.004434546099570342,2,5.0,-60.0,0.004605960112385427,2,9.0,-77.77777777777779,0.0034037918240920387,0,0.0,0.0,0.0,ROMANIA
SONGKHLA,40250.4,94099.0,-57.22547529729327,0.000983713034018684,6.0,12.25,-51.02040816326531,0.005912728132760455,2,2.0,0.0,0.004605960112385427,3,6.0,-50.0,0.005105687736138058,0,0.0,0.0,0.0,THAILAND
MALAGA,35192.33,0.0,0.0,0.0008600946504503497,2.0,0.0,0.0,0.0019709093775868184,2,0.0,0.0,0.004605960112385427,2,0.0,0.0,0.0034037918240920387,0,0.0,0.0,0.0,SPAIN
ATLANTA - GA,34730.0,0.0,0.0,0.0008487953826910762,4.5,0.0,0.0,0.004434546099570342,2,0.0,0.0,0.004605960112385427,2,0.0,0.0,0.0034037918240920387,0,0.0,0.0,0.0,USA
YUEYANG,32718.6,7399.0,342.2030004054602,0.0007996371036025408,4.0,2.0,100.0,0.003941818755173637,2,1.0,100.0,0.004605960112385427,2,1.0,100.0,0.0034037918240920387,0,0.0,0.0,0.0,CHINA
CAPE TOWN,31085.0,8019.0,287.64185060481356,0.0007597121932321366,4.0,5.0,-20.0,0.003941818755173637,2,3.0,-33.33333333333333,0.004605960112385427,2,3.0,-33.33333333333333,0.0034037918240920387,0,0.0,0.0,0.0,SOUTH AFRICA
ZHAPU,29152.0,354582.60000000003,-91.77850238562185,0.0007124699970115247,3.0,39.25,-92.35668789808918,0.0029563640663802277,2,4.0,-50.0,0.004605960112385427,2,19.0,-89.47368421052632,0.0034037918240920387,0,0.0,0.0,0.0,CHINA
TAIPEI,28437.59,0.0,0.0,0.0006950099362758975,4.0,0.0,0.0,0.003941818755173637,2,0.0,0.0,0.004605960112385427,2,0.0,0.0,0.0034037918240920387,0,0.0,0.0,0.0,TAIWAN
YUNFU,27000.0,0.0,0.0,0.0006598754774736268,1.0,0.0,0.0,0.0009854546887934092,1,0.0,0.0,0.0023029800561927133,1,0.0,0.0,0.0017018959120460194,0,0.0,0.0,0.0,CHINA
TRIESTE,26660.0,0.0,0.0,0.0006515659344239589,2.0,0.0,0.0,0.0019709093775868184,1,0.0,0.0,0.0023029800561927133,1,0.0,0.0,0.0017018959120460194,0,0.0,0.0,0.0,ITALY
CAP-HAITIEN,26400.0,0.0,0.0,0.0006452115779742128,138.0,0.0,0.0,0.1359927470534905,3,0.0,0.0,0.00690894016857814,69,0.0,0.0,0.11743081793117534,1,0.0,0.0,0.00801346261719689,HAITI
PORT ELIZABETH,26400.0,68000.0,-61.1764705882353,0.0006452115779742128,2.0,5.5,-63.63636363636363,0.0019709093775868184,1,3.0,-66.66666666666666,0.0023029800561927133,1,3.0,-66.66666666666666,0.0017018959120460194,0,0.0,0.0,0.0,SOUTH AFRICA
SALERNO,26080.0,23199.989999999998,12.413841557690336,0.0006373908315745254,4.25,6.75,-37.03703703703704,0.004188182427371989,2,1.0,100.0,0.004605960112385427,2,3.0,-33.33333333333333,0.0034037918240920387,0,0.0,0.0,0.0,ITALY
BELFAST,26040.0,8000.0,225.5,0.0006364132382745644,2.0,1.0,100.0,0.0019709093775868184,1,1.0,0.0,0.0023029800561927133,1,1.0,0.0,0.0017018959120460194,0,0.0,0.0,0.0,UNITED KINGDOM
PORT NEWARK ELIZABETH - NJ,25945.74,336395.2,-92.28712538109937,0.0006341095396632066,2.0,27.0,-92.5925925925926,0.0019709093775868184,1,10.0,-90.0,0.0023029800561927133,1,14.0,-92.85714285714286,0.0017018959120460194,0,0.0,0.0,0.0,USA
MONTOIR DE BRETAGNE,25650.0,172374.0,-85.1195655957395,0.0006268817035999454,2.0,15.5,-87.09677419354838,0.0019709093775868184,1,7.0,-85.71428571428571,0.0023029800561927133,1,7.0,-85.71428571428571,0.0017018959120460194,0,0.0,0.0,0.0,FRANCE
SYDNEY,24630.0,0.0,0.0,0.0006019530744509417,2.25,0.0,0.0,0.002217273049785171,1,0.0,0.0,0.0023029800561927133,1,0.0,0.0,0.0017018959120460194,0,0.0,0.0,0.0,AUSTRALIA
WYZHOU,24500.0,25000.0,-2.0,0.0005987758962260688,1.0,1.0,0.0,0.0009854546887934092,1,1.0,0.0,0.0023029800561927133,1,1.0,0.0,0.0017018959120460194,0,0.0,0.0,0.0,CHINA
TAKORADI,24077.0,21908.0,9.900492970604345,0.000588437847078982,2.0,2.0,0.0,0.0019709093775868184,1,1.0,0.0,0.0023029800561927133,1,1.0,0.0,0.0017018959120460194,0,0.0,0.0,0.0,GHANA
FOSHAN,23820.2,0.0,0.0,0.0005821616980932328,8.0,0.0,0.0,0.007883637510347274,4,0.0,0.0,0.009211920224770853,4,0.0,0.0,0.0068075836481840775,0,0.0,0.0,0.0,CHINA
DAFENG,23781.0,21672.0,9.731450719822812,0.0005812036566592711,2.0,2.0,0.0,0.0019709093775868184,1,1.0,0.0,0.0023029800561927133,1,1.0,0.0,0.0017018959120460194,0,0.0,0.0,0.0,CHINA
LONGMEN,22337.0,0.0,0.0,0.0005459125385306815,2.0,0.0,0.0,0.0019709093775868184,1,0.0,0.0,0.0023029800561927133,1,0.0,0.0,0.0017018959120460194,0,0.0,0.0,0.0,CHINA
MELBOURNE,22264.0,5262.0,323.10908399847966,0.0005441284307582528,5.25,1.0,425.0,0.005173637116165399,4,1.0,300.0,0.009211920224770853,4,1.0,300.0,0.0068075836481840775,0,0.0,0.0,0.0,AUSTRALIA
LIMASSOL,21565.0,43925.0,-50.9049516220831,0.0005270449878414356,1.0,2.0,-50.0,0.0009854546887934092,1,2.0,-50.0,0.0023029800561927133,1,2.0,-50.0,0.0017018959120460194,0,0.0,0.0,0.0,CYPRUS
BANGKOK,21267.1,69539.81999999999,-69.41737841714287,0.0005197643617399765,1.0,3.0,-66.66666666666666,0.0009854546887934092,1,3.0,-66.66666666666666,0.0023029800561927133,1,3.0,-66.66666666666666,0.0017018959120460194,0,0.0,0.0,0.0,THAILAND
MOMBASA,19352.9,33368.5,-42.00248737581851,0.0004729816343703464,7.25,6.25,16.0,0.007144546493752218,3,2.0,50.0,0.00690894016857814,4,3.0,33.33333333333333,0.0068075836481840775,0,0.0,0.0,0.0,KENYA
LAFITO,16550.0,0.0,0.0,0.00040447922785883425,2.0,0.0,0.0,0.0019709093775868184,1,0.0,0.0,0.0023029800561927133,1,0.0,0.0,0.0017018959120460194,0,0.0,0.0,0.0,HAITI
CORK,14792.0,0.0,0.0,0.0003615140023255514,2.0,0.0,0.0,0.0019709093775868184,1,0.0,0.0,0.0023029800561927133,1,0.0,0.0,0.0017018959120460194,0,0.0,0.0,0.0,IRELAND
LELIU,13726.9,0.0,0.0,0.00033548313673084174,2.0,0.0,0.0,0.0019709093775868184,1,0.0,0.0,0.0023029800561927133,1,0.0,0.0,0.0017018959120460194,0,0.0,0.0,0.0,CHINA
AQABA,11800.0,57397.0,-79.44143422130077,0.00028839002348847394,4.0,12.0,-66.66666666666666,0.003941818755173637,1,4.0,-75.0,0.0023029800561927133,2,8.0,-75.0,0.0034037918240920387,0,0.0,0.0,0.0,JORDAN
ZHUHAI,9812.85,9771.02,0.4281026955220635,0.00023982441033803994,2.0,2.0,0.0,0.0019709093775868184,1,1.0,0.0,0.0023029800561927133,1,1.0,0.0,0.0017018959120460194,0,0.0,0.0,0.0,CHINA
CSX RAMP - NC,9705.25,0.0,0.0,0.00023719468436114504,1.0,0.0,0.0,0.0009854546887934092,1,0.0,0.0,0.0023029800561927133,1,0.0,0.0,0.0017018959120460194,0,0.0,0.0,0.0,USA
WUHU,9321.18,63621.4,-85.3489863473611,0.0002278080778932452,2.0,20.0,-90.0,0.0019709093775868184,1,2.0,-50.0,0.0023029800561927133,1,10.0,-90.0,0.0017018959120460194,0,0.0,0.0,0.0,CHINA
TUNIS,9162.3,73368.0,-87.5118580307491,0.0002239250773058004,2.0,3.0,-33.33333333333333,0.0019709093775868184,1,2.0,-50.0,0.0023029800561927133,1,3.0,-66.66666666666666,0.0017018959120460194,0,0.0,0.0,0.0,TUNISIA
ASUNCION,7860.46,58130.0,-86.47779115774988,0.00019210832576527201,1.0,4.0,-75.0,0.0009854546887934092,1,2.0,-50.0,0.0023029800561927133,1,2.0,-50.0,0.0017018959120460194,0,0.0,0.0,0.0,PARAGUAY
GRANGEMOUTH,7719.37,73813.9,-89.54211876082961,0.00018866010979798483,1.0,7.5,-86.66666666666667,0.0009854546887934092,1,5.0,-80.0,0.0023029800561927133,1,5.0,-80.0,0.0017018959120460194,0,0.0,0.0,0.0,UNITED KINGDOM
SHIMIZU,7605.0,2912.0,161.16071428571428,0.00018586492615507155,3.0,1.0,200.0,0.0029563640663802277,3,1.0,200.0,0.00690894016857814,3,1.0,200.0,0.005105687736138058,0,0.0,0.0,0.0,JAPAN
VILLA NUEVA,7139.0,0.0,0.0,0.00017447596421052674,2.0,0.0,0.0,0.0019709093775868184,1,0.0,0.0,0.0023029800561927133,1,0.0,0.0,0.0017018959120460194,0,0.0,0.0,0.0,GUATEMALA
PROVIDENCIALES - TC,5115.0,11817.2,-56.71563483735572,0.00012500974323250374,0.0,0.0,0.0,0.0,3,9.0,-66.66666666666666,0.00690894016857814,0,0.0,0.0,0.0,3,9.0,-66.66666666666666,0.024040387851590673,TURKS AND CAICOS
CASTRIES,4316.0,0.0,0.0,0.00010548231706578418,2.0,0.0,0.0,0.0019709093775868184,2,0.0,0.0,0.004605960112385427,2,0.0,0.0,0.0034037918240920387,0,0.0,0.0,0.0,SAINT LUCIA
CIVITAVECCHIA,4290.0,0.0,0.0,0.00010484688142080958,2.0,0.0,0.0,0.0019709093775868184,1,0.0,0.0,0.0023029800561927133,2,0.0,0.0,0.0034037918240920387,0,0.0,0.0,0.0,ITALY
HAIFA,0.0,209287.0,-100.0,0.0,2.0,17.0,-88.23529411764706,0.0019709093775868184,0,8.0,-100.0,0.0,0,8.0,-100.0,0.0,0,0.0,0.0,0.0,ISRAEL
